{"comm_times": [28.02355670928955, 0.05003237724304199, 0.011221647262573242, 0.009319067001342773, 0.0069196224212646484, 0.01450800895690918, 0.01174163818359375, 0.006466388702392578, 0.021114587783813477, 0.011811971664428711], "calc_times": [0.0009584426879882812, 0.0009868144989013672, 0.0009949207305908203, 0.0009002685546875, 0.0009379386901855469, 0.0008530616760253906, 0.0009074211120605469, 0.0009276866912841797, 0.0008864402770996094, 0.0009400844573974609]}