{"comm_times": [0.34104299545288086, 0.04846310615539551, 0.010808229446411133, 0.008777618408203125, 0.007132053375244141, 0.015067338943481445, 0.011863231658935547, 0.006201505661010742, 0.021045684814453125, 0.01185154914855957], "calc_times": [0.002913951873779297, 0.0009205341339111328, 0.0008904933929443359, 0.0009076595306396484, 0.0009129047393798828, 0.000820159912109375, 0.0009119510650634766, 0.0008957386016845703, 0.000873565673828125, 0.0009074211120605469]}