{"comm_times": [28.015912294387817, 0.05781412124633789, 0.009700536727905273, 0.009680032730102539, 0.014124393463134766, 0.007046699523925781, 0.011592626571655273, 0.00693058967590332, 0.020836591720581055, 0.01237034797668457], "calc_times": [0.0014612674713134766, 0.001055002212524414, 0.0009913444519042969, 0.0009050369262695312, 0.0009272098541259766, 0.0009140968322753906, 0.0007996559143066406, 0.0008933544158935547, 0.0007979869842529297, 0.0008928775787353516]}