{"comm_times": [0.7947752475738525, 0.05883502960205078, 0.009228944778442383, 0.00939321517944336, 0.014263153076171875, 0.007287502288818359, 0.011033296585083008, 0.0067119598388671875, 0.02084207534790039, 0.012189149856567383], "calc_times": [0.0010230541229248047, 0.0009908676147460938, 0.001005411148071289, 0.0010290145874023438, 0.0009398460388183594, 0.0009682178497314453, 0.0010526180267333984, 0.0009603500366210938, 0.0008978843688964844, 0.0009741783142089844]}