{"comm_times": [0.4964017868041992, 0.051297903060913086, 0.011646032333374023, 0.008846044540405273, 0.007704257965087891, 0.014799356460571289, 0.011727571487426758, 0.006517171859741211, 0.021749019622802734, 0.010977983474731445], "calc_times": [0.00304412841796875, 0.0008988380432128906, 0.0009374618530273438, 0.0008945465087890625, 0.0008380413055419922, 0.0008237361907958984, 0.0008401870727539062, 0.0008220672607421875, 0.000789642333984375, 0.0009491443634033203]}