{"comm_times": [28.019596815109253, 0.056267499923706055, 0.009543180465698242, 0.009681940078735352, 0.014218807220458984, 0.00703120231628418, 0.01162409782409668, 0.00680851936340332, 0.020831584930419922, 0.01227879524230957], "calc_times": [0.0010156631469726562, 0.0010704994201660156, 0.001064300537109375, 0.00086212158203125, 0.0008561611175537109, 0.0009002685546875, 0.0008542537689208984, 0.0008919239044189453, 0.0008192062377929688, 0.0009267330169677734]}