{"comm_times": [1.2824125289916992, 0.05475211143493652, 0.010079622268676758, 0.00893092155456543, 0.014685392379760742, 0.0073451995849609375, 0.011785268783569336, 0.0070171356201171875, 0.02082538604736328, 0.01201772689819336], "calc_times": [0.0009589195251464844, 0.0011720657348632812, 0.0009050369262695312, 0.0008716583251953125, 0.0007827281951904297, 0.0008573532104492188, 0.0007789134979248047, 0.0008604526519775391, 0.0008656978607177734, 0.0009341239929199219]}