{"comm_times": [28.002817392349243, 0.05003523826599121, 0.010807991027832031, 0.00959014892578125, 0.006513118743896484, 0.014488458633422852, 0.011590242385864258, 0.009667396545410156, 0.01590251922607422, 0.013085126876831055], "calc_times": [0.0012781620025634766, 0.0009317398071289062, 0.0010573863983154297, 0.0010030269622802734, 0.0009522438049316406, 0.0009534358978271484, 0.0009627342224121094, 0.0009279251098632812, 0.0009565353393554688, 0.0013585090637207031]}