{"comm_times": [0.49824953079223633, 0.05199885368347168, 0.01091456413269043, 0.009328126907348633, 0.007195949554443359, 0.022120237350463867, 0.004107952117919922, 0.0067441463470458984, 0.020954370498657227, 0.01220393180847168], "calc_times": [0.002927541732788086, 0.0009009838104248047, 0.0009336471557617188, 0.00086212158203125, 0.0008344650268554688, 0.00075531005859375, 0.000888824462890625, 0.0007548332214355469, 0.0008120536804199219, 0.0009000301361083984]}