{"comm_times": [0.48426079750061035, 0.0616450309753418, 0.011416196823120117, 0.007886886596679688, 0.007880210876464844, 0.015070199966430664, 0.010924100875854492, 0.006846189498901367, 0.014432430267333984, 0.019083499908447266], "calc_times": [0.0029921531677246094, 0.0009062290191650391, 0.0009114742279052734, 0.0009241104125976562, 0.0008478164672851562, 0.0007827281951904297, 0.0008940696716308594, 0.0009009838104248047, 0.0008492469787597656, 0.0009548664093017578]}