{"comm_times": [27.99395442008972, 0.07959723472595215, 0.010200977325439453, 0.008265018463134766, 0.007256031036376953, 0.014807939529418945, 0.011954784393310547, 0.00859689712524414, 0.012702226638793945, 0.018138647079467773], "calc_times": [0.0010063648223876953, 0.0010581016540527344, 0.0010442733764648438, 0.0009286403656005859, 0.0009205341339111328, 0.0008924007415771484, 0.0009562969207763672, 0.0008912086486816406, 0.0009665489196777344, 0.0009646415710449219]}