{"comm_times": [28.022407054901123, 0.05228233337402344, 0.011246442794799805, 0.008582592010498047, 0.007423877716064453, 0.014703035354614258, 0.01187753677368164, 0.0065572261810302734, 0.020664453506469727, 0.01191258430480957], "calc_times": [0.0014629364013671875, 0.0010318756103515625, 0.0010976791381835938, 0.0009589195251464844, 0.0009405612945556641, 0.0009305477142333984, 0.0009310245513916016, 0.000993490219116211, 0.0008602142333984375, 0.0009560585021972656]}