{"comm_times": [0.277911901473999, 0.06845760345458984, 0.011305570602416992, 0.007719755172729492, 0.007865667343139648, 0.015094995498657227, 0.010989665985107422, 0.00683903694152832, 0.014679670333862305, 0.01907825469970703], "calc_times": [0.004096031188964844, 0.0009086132049560547, 0.0008950233459472656, 0.0008857250213623047, 0.0008356571197509766, 0.0008065700531005859, 0.000888824462890625, 0.0008718967437744141, 0.0007872581481933594, 0.0008902549743652344]}