{"comm_times": [1.2097852230072021, 0.053038597106933594, 0.010686159133911133, 0.009408950805664062, 0.014505863189697266, 0.0063991546630859375, 0.011703968048095703, 0.006604194641113281, 0.02084803581237793, 0.011771202087402344], "calc_times": [0.0009377002716064453, 0.0010025501251220703, 0.0010383129119873047, 0.0009503364562988281, 0.0010073184967041016, 0.0011916160583496094, 0.0009331703186035156, 0.0009264945983886719, 0.0008962154388427734, 0.0009949207305908203]}