{"comm_times": [27.982139110565186, 0.0793614387512207, 0.010134458541870117, 0.008339643478393555, 0.007306098937988281, 0.015034675598144531, 0.011610984802246094, 0.008792877197265625, 0.012611865997314453, 0.018126249313354492], "calc_times": [0.0010447502136230469, 0.0010521411895751953, 0.0010743141174316406, 0.0009250640869140625, 0.0009436607360839844, 0.0008397102355957031, 0.0009496212005615234, 0.0009539127349853516, 0.0009515285491943359, 0.0009539127349853516]}