{"comm_times": [0.04949474334716797, 0.050200700759887695, 0.011196374893188477, 0.00946187973022461, 0.0068929195404052734, 0.014660120010375977, 0.011667728424072266, 0.006631374359130859, 0.02133011817932129, 0.011714935302734375], "calc_times": [0.002905607223510742, 0.0009217262268066406, 0.0009179115295410156, 0.0008411407470703125, 0.0008356571197509766, 0.0007977485656738281, 0.0008645057678222656, 0.0008859634399414062, 0.0008077621459960938, 0.0009212493896484375]}