{"comm_times": [1.1889944076538086, 0.06827497482299805, 0.009649991989135742, 0.008062124252319336, 0.008941650390625, 0.013832807540893555, 0.012337684631347656, 0.00549006462097168, 0.015547037124633789, 0.01813220977783203], "calc_times": [0.0065152645111083984, 0.0009129047393798828, 0.0009407997131347656, 0.00083160400390625, 0.0008554458618164062, 0.0008373260498046875, 0.0009162425994873047, 0.0008652210235595703, 0.0008678436279296875, 0.0008985996246337891]}