{"comm_times": [0.2881948947906494, 0.05546259880065918, 0.009784221649169922, 0.008851766586303711, 0.014589548110961914, 0.007334232330322266, 0.011992454528808594, 0.006548166275024414, 0.02075982093811035, 0.012073278427124023], "calc_times": [0.002887248992919922, 0.0008995532989501953, 0.0008981227874755859, 0.0009200572967529297, 0.0009014606475830078, 0.0008881092071533203, 0.0008716583251953125, 0.0009148120880126953, 0.0009009838104248047, 0.000896453857421875]}