{"comm_times": [28.014185190200806, 0.06314659118652344, 0.011160612106323242, 0.007459402084350586, 0.0078051090240478516, 0.01620769500732422, 0.01014089584350586, 0.006213188171386719, 0.02007460594177246, 0.013650655746459961], "calc_times": [0.001478433609008789, 0.0009443759918212891, 0.0010578632354736328, 0.0009315013885498047, 0.0009238719940185547, 0.0009486675262451172, 0.0009663105010986328, 0.00089263916015625, 0.0008924007415771484, 0.0009491443634033203]}