{"comm_times": [1.1912531852722168, 0.07912492752075195, 0.009903192520141602, 0.008397579193115234, 0.007543325424194336, 0.014980077743530273, 0.011286020278930664, 0.00927114486694336, 0.012205362319946289, 0.01847243309020996], "calc_times": [0.001092672348022461, 0.0011050701141357422, 0.001071929931640625, 0.0009250640869140625, 0.0009920597076416016, 0.0008974075317382812, 0.0009095668792724609, 0.0009198188781738281, 0.0008749961853027344, 0.0009565353393554688]}