{"comm_times": [0.08839201927185059, 0.0033233165740966797, 0.011130094528198242, 0.008761882781982422, 0.007619142532348633, 0.015069723129272461, 0.01140451431274414, 0.006657600402832031, 0.021813631057739258, 0.011193990707397461], "calc_times": [0.002886533737182617, 0.0009353160858154297, 0.0008530616760253906, 0.000881195068359375, 0.0008540153503417969, 0.0008258819580078125, 0.0009105205535888672, 0.0008509159088134766, 0.0007684230804443359, 0.0008707046508789062]}