{"comm_times": [28.025861501693726, 0.051969051361083984, 0.011165142059326172, 0.00902247428894043, 0.007319211959838867, 0.01522970199584961, 0.010887384414672852, 0.0065991878509521484, 0.02078533172607422, 0.01224970817565918], "calc_times": [0.0009207725524902344, 0.0012090206146240234, 0.0011553764343261719, 0.0008525848388671875, 0.0008122920989990234, 0.0008256435394287109, 0.0009119510650634766, 0.0009448528289794922, 0.0008339881896972656, 0.0009818077087402344]}