{"comm_times": [1.20328950881958, 0.05960416793823242, 0.01176762580871582, 0.007546186447143555, 0.007956266403198242, 0.014775276184082031, 0.011004209518432617, 0.006657600402832031, 0.026923179626464844, 0.006632089614868164], "calc_times": [0.0009644031524658203, 0.0010066032409667969, 0.0010335445404052734, 0.0009362697601318359, 0.0009038448333740234, 0.0010221004486083984, 0.0009677410125732422, 0.0008652210235595703, 0.0008258819580078125, 0.0009510517120361328]}