{"comm_times": [0.15810132026672363, 0.07937788963317871, 0.010082483291625977, 0.008471012115478516, 0.007626771926879883, 0.015073299407958984, 0.011307954788208008, 0.009343624114990234, 0.012170076370239258, 0.01848626136779785], "calc_times": [0.0029304027557373047, 0.0008873939514160156, 0.0009036064147949219, 0.0008924007415771484, 0.0008494853973388672, 0.0008628368377685547, 0.0008759498596191406, 0.0008921623229980469, 0.0008528232574462891, 0.0009150505065917969]}