{"comm_times": [28.01356267929077, 0.06345295906066895, 0.011431455612182617, 0.007563114166259766, 0.007844924926757812, 0.01473546028137207, 0.011375188827514648, 0.006483793258666992, 0.014641284942626953, 0.018994808197021484], "calc_times": [0.0013434886932373047, 0.0010385513305664062, 0.0009865760803222656, 0.0009315013885498047, 0.000885009765625, 0.0009171962738037109, 0.0009806156158447266, 0.0008966922760009766, 0.0009036064147949219, 0.000957489013671875]}