{"comm_times": [27.99728775024414, 0.0800774097442627, 0.010360479354858398, 0.00824880599975586, 0.006933450698852539, 0.014703512191772461, 0.012108087539672852, 0.008337736129760742, 0.012496232986450195, 0.0183255672454834], "calc_times": [0.0012938976287841797, 0.0010650157928466797, 0.0010228157043457031, 0.0009083747863769531, 0.0010845661163330078, 0.000942230224609375, 0.0009729862213134766, 0.0010747909545898438, 0.0010447502136230469, 0.0009350776672363281]}