{"comm_times": [28.00249695777893, 0.07263422012329102, 0.009987115859985352, 0.007745981216430664, 0.008902311325073242, 0.013990402221679688, 0.011792898178100586, 0.0060193538665771484, 0.0153656005859375, 0.018550395965576172], "calc_times": [0.001020193099975586, 0.0009949207305908203, 0.0010838508605957031, 0.0009255409240722656, 0.0009207725524902344, 0.0008955001831054688, 0.0009448528289794922, 0.0009059906005859375, 0.0008640289306640625, 0.0009777545928955078]}