{"comm_times": [0.8010680675506592, 0.051789045333862305, 0.01092219352722168, 0.009327888488769531, 0.007065534591674805, 0.0214693546295166, 0.004430532455444336, 0.006680011749267578, 0.020931005477905273, 0.012167215347290039], "calc_times": [0.0009343624114990234, 0.0010368824005126953, 0.0010161399841308594, 0.0008730888366699219, 0.0009515285491943359, 0.0009055137634277344, 0.0010154247283935547, 0.0008323192596435547, 0.0008161067962646484, 0.0009613037109375]}