{"comm_times": [1.2874243259429932, 0.04793715476989746, 0.011187076568603516, 0.008004188537597656, 0.007586479187011719, 0.014914989471435547, 0.012019157409667969, 0.006137847900390625, 0.02154374122619629, 0.011402130126953125], "calc_times": [0.0009238719940185547, 0.001041412353515625, 0.0009951591491699219, 0.0008764266967773438, 0.0008676052093505859, 0.0008077621459960938, 0.0009140968322753906, 0.0009253025054931641, 0.000823974609375, 0.0009119510650634766]}