{"comm_times": [28.02605152130127, 0.048123836517333984, 0.010622024536132812, 0.008571863174438477, 0.007389068603515625, 0.014908313751220703, 0.012002706527709961, 0.0061702728271484375, 0.021380901336669922, 0.01152181625366211], "calc_times": [0.0009601116180419922, 0.000988006591796875, 0.001001596450805664, 0.0008854866027832031, 0.0009510517120361328, 0.0008683204650878906, 0.0009400844573974609, 0.0009131431579589844, 0.0008056163787841797, 0.0009300708770751953]}