{"comm_times": [0.46259260177612305, 0.08824920654296875, 0.010956048965454102, 0.008112430572509766, 0.017270803451538086, 0.004739284515380859, 0.012184858322143555, 0.0062334537506103516, 0.015352964401245117, 0.01840376853942871], "calc_times": [0.0010113716125488281, 0.0009515285491943359, 0.001007080078125, 0.0008764266967773438, 0.0009195804595947266, 0.0009968280792236328, 0.0007815361022949219, 0.0008726119995117188, 0.0008194446563720703, 0.0009026527404785156]}