{"comm_times": [1.2147002220153809, 0.04822564125061035, 0.010304450988769531, 0.008465051651000977, 0.007428169250488281, 0.014732122421264648, 0.01202082633972168, 0.006517648696899414, 0.02129530906677246, 0.011139392852783203], "calc_times": [0.0010170936584472656, 0.00101470947265625, 0.0010571479797363281, 0.0009191036224365234, 0.0008873939514160156, 0.0008900165557861328, 0.0009133815765380859, 0.0009176731109619141, 0.0009090900421142578, 0.0009906291961669922]}