{"comm_times": [28.015217781066895, 0.0586700439453125, 0.010550737380981445, 0.009290933609008789, 0.007035493850708008, 0.014771223068237305, 0.011351585388183594, 0.006557464599609375, 0.020885229110717773, 0.012125730514526367], "calc_times": [0.0012536048889160156, 0.0009434223175048828, 0.0009510517120361328, 0.0008835792541503906, 0.0009410381317138672, 0.0008590221405029297, 0.000989675521850586, 0.0009086132049560547, 0.000972747802734375, 0.0009353160858154297]}