{"comm_times": [0.1831216812133789, 0.053162574768066406, 0.010761260986328125, 0.009476184844970703, 0.014477014541625977, 0.0067522525787353516, 0.011703968048095703, 0.006608486175537109, 0.020845413208007812, 0.011806964874267578], "calc_times": [0.0029418468475341797, 0.0009207725524902344, 0.0009675025939941406, 0.0009102821350097656, 0.0009729862213134766, 0.0009462833404541016, 0.0008790493011474609, 0.0009357929229736328, 0.0008871555328369141, 0.0009577274322509766]}