{"comm_times": [1.2196245193481445, 0.05104184150695801, 0.010593414306640625, 0.009761810302734375, 0.0066792964935302734, 0.01461029052734375, 0.011582374572753906, 0.009017467498779297, 0.018513202667236328, 0.013805866241455078], "calc_times": [0.0009388923645019531, 0.001046895980834961, 0.001056671142578125, 0.0009131431579589844, 0.0008988380432128906, 0.0008571147918701172, 0.0009615421295166016, 0.0009286403656005859, 0.0009713172912597656, 0.0009465217590332031]}