{"comm_times": [28.05782413482666, 0.003388643264770508, 0.011181354522705078, 0.008652448654174805, 0.007611989974975586, 0.014971733093261719, 0.011461257934570312, 0.006566524505615234, 0.021617650985717773, 0.01109933853149414], "calc_times": [0.0015168190002441406, 0.0009822845458984375, 0.0008649826049804688, 0.0009121894836425781, 0.0008995532989501953, 0.0008530616760253906, 0.0009317398071289062, 0.0009467601776123047, 0.0009124279022216797, 0.0009493827819824219]}