{"comm_times": [0.7738208770751953, 0.07915186882019043, 0.010565757751464844, 0.008066892623901367, 0.016927719116210938, 0.005438089370727539, 0.012135505676269531, 0.006731986999511719, 0.014535188674926758, 0.018339157104492188], "calc_times": [0.0010082721710205078, 0.0010650157928466797, 0.0010352134704589844, 0.0008907318115234375, 0.0008771419525146484, 0.0009882450103759766, 0.000827789306640625, 0.0008788108825683594, 0.0009894371032714844, 0.0009021759033203125]}