{"comm_times": [0.4813191890716553, 0.06816363334655762, 0.009248733520507812, 0.008134126663208008, 0.008647441864013672, 0.01376962661743164, 0.012296676635742188, 0.00560307502746582, 0.015595197677612305, 0.017961502075195312], "calc_times": [0.003060579299926758, 0.0009300708770751953, 0.001338958740234375, 0.0009398460388183594, 0.0009772777557373047, 0.0008728504180908203, 0.0009312629699707031, 0.0008878707885742188, 0.00087738037109375, 0.0009276866912841797]}