{"comm_times": [1.2651982307434082, 0.06072235107421875, 0.011950016021728516, 0.007729768753051758, 0.00836801528930664, 0.013523101806640625, 0.011282682418823242, 0.006265163421630859, 0.014673948287963867, 0.018983840942382812], "calc_times": [0.009935855865478516, 0.0010318756103515625, 0.0009710788726806641, 0.0009315013885498047, 0.0009438991546630859, 0.0016238689422607422, 0.0010018348693847656, 0.0009477138519287109, 0.0008454322814941406, 0.00090789794921875]}