{"comm_times": [0.49437618255615234, 0.04927420616149902, 0.011958122253417969, 0.008661508560180664, 0.006936311721801758, 0.015918493270874023, 0.01061558723449707, 0.0068359375, 0.020420074462890625, 0.010703325271606445], "calc_times": [0.0031740665435791016, 0.0009000301361083984, 0.000997304916381836, 0.0009293556213378906, 0.00086212158203125, 0.0009441375732421875, 0.0009312629699707031, 0.0009162425994873047, 0.0008442401885986328, 0.0022165775299072266]}