{"comm_times": [0.48785948753356934, 0.06058311462402344, 0.011984586715698242, 0.007586002349853516, 0.008000373840332031, 0.015096902847290039, 0.011054039001464844, 0.006707906723022461, 0.014570951461791992, 0.01911330223083496], "calc_times": [0.002906322479248047, 0.0009191036224365234, 0.0009756088256835938, 0.0008795261383056641, 0.0008602142333984375, 0.0007796287536621094, 0.0008671283721923828, 0.0008721351623535156, 0.0008804798126220703, 0.0009102821350097656]}