{"comm_times": [0.03673553466796875, 0.05650973320007324, 0.010440349578857422, 0.008756160736083984, 0.014810800552368164, 0.007144927978515625, 0.011599063873291016, 0.006898403167724609, 0.021039485931396484, 0.011888742446899414], "calc_times": [0.002965688705444336, 0.0008974075317382812, 0.0009906291961669922, 0.0008275508880615234, 0.000865936279296875, 0.0009136199951171875, 0.0008695125579833984, 0.000888824462890625, 0.0008287429809570312, 0.0008950233459472656]}