{"comm_times": [0.2611687183380127, 0.07973480224609375, 0.010337591171264648, 0.00836181640625, 0.007200956344604492, 0.01490926742553711, 0.011955499649047852, 0.008618593215942383, 0.012665748596191406, 0.018179655075073242], "calc_times": [0.002939939498901367, 0.0009417533874511719, 0.0009076595306396484, 0.00086212158203125, 0.0008978843688964844, 0.0008814334869384766, 0.0009534358978271484, 0.0009381771087646484, 0.0009214878082275391, 0.0009386539459228516]}