{"comm_times": [28.014866828918457, 0.05848121643066406, 0.011034011840820312, 0.0077228546142578125, 0.008615732192993164, 0.014849662780761719, 0.010472297668457031, 0.006410121917724609, 0.01477813720703125, 0.01876354217529297], "calc_times": [0.0013113021850585938, 0.00109100341796875, 0.0010843276977539062, 0.0010843276977539062, 0.0009129047393798828, 0.0010216236114501953, 0.0010194778442382812, 0.0009109973907470703, 0.0009391307830810547, 0.0009093284606933594]}