{"comm_times": [0.7776703834533691, 0.06302046775817871, 0.011274576187133789, 0.007570981979370117, 0.007938861846923828, 0.014691591262817383, 0.01183176040649414, 0.0074117183685302734, 0.013615131378173828, 0.019124746322631836], "calc_times": [0.0010149478912353516, 0.0010340213775634766, 0.0010187625885009766, 0.0008707046508789062, 0.0008280277252197266, 0.0008611679077148438, 0.0008664131164550781, 0.0008025169372558594, 0.0007522106170654297, 0.0008969306945800781]}