{"comm_times": [0.17317819595336914, 0.06278014183044434, 0.010831356048583984, 0.007512092590332031, 0.007880449295043945, 0.016338586807250977, 0.010010004043579102, 0.006085395812988281, 0.020178556442260742, 0.013489246368408203], "calc_times": [0.0029671192169189453, 0.0009582042694091797, 0.000888824462890625, 0.0009019374847412109, 0.0009074211120605469, 0.0009419918060302734, 0.0010492801666259766, 0.0009622573852539062, 0.0008778572082519531, 0.0009348392486572266]}