{"comm_times": [0.49872255325317383, 0.05001211166381836, 0.010930061340332031, 0.010305643081665039, 0.0057752132415771484, 0.013059377670288086, 0.011522769927978516, 0.009708404541015625, 0.018144607543945312, 0.013512134552001953], "calc_times": [0.0030984878540039062, 0.0008904933929443359, 0.000911712646484375, 0.0009822845458984375, 0.0008921623229980469, 0.0024559497833251953, 0.0010251998901367188, 0.0009276866912841797, 0.0008792877197265625, 0.0010497570037841797]}