{"comm_times": [28.010570526123047, 0.06568050384521484, 0.010324239730834961, 0.007792949676513672, 0.008593082427978516, 0.013729095458984375, 0.012465715408325195, 0.0055387020111083984, 0.01546931266784668, 0.018233776092529297], "calc_times": [0.0015158653259277344, 0.0010497570037841797, 0.0009543895721435547, 0.0009794235229492188, 0.000919342041015625, 0.0009427070617675781, 0.0009405612945556641, 0.0009496212005615234, 0.0008680820465087891, 0.0009701251983642578]}