{"comm_times": [28.01562523841858, 0.06026148796081543, 0.012224197387695312, 0.006398916244506836, 0.007992029190063477, 0.014842033386230469, 0.010988950729370117, 0.006631612777709961, 0.01454019546508789, 0.018987655639648438], "calc_times": [0.0012671947479248047, 0.0012133121490478516, 0.0010139942169189453, 0.0018563270568847656, 0.0008962154388427734, 0.0009531974792480469, 0.0009925365447998047, 0.0009927749633789062, 0.0008654594421386719, 0.0009603500366210938]}