{"comm_times": [0.47039198875427246, 0.07806181907653809, 0.010280847549438477, 0.008432626724243164, 0.0074617862701416016, 0.015077590942382812, 0.011685609817504883, 0.009040594100952148, 0.012534379959106445, 0.018286705017089844], "calc_times": [0.0029990673065185547, 0.0009822845458984375, 0.0009107589721679688, 0.0008497238159179688, 0.0007979869842529297, 0.0007987022399902344, 0.0008897781372070312, 0.0008597373962402344, 0.0008668899536132812, 0.0008594989776611328]}