{"comm_times": [0.27584028244018555, 0.0672309398651123, 0.010241270065307617, 0.007664918899536133, 0.008744001388549805, 0.013877391815185547, 0.01229715347290039, 0.005736827850341797, 0.01543736457824707, 0.0183408260345459], "calc_times": [0.0029022693634033203, 0.0009260177612304688, 0.0009479522705078125, 0.0009353160858154297, 0.0008821487426757812, 0.0008676052093505859, 0.0009150505065917969, 0.0009160041809082031, 0.0008463859558105469, 0.0010466575622558594]}