{"comm_times": [0.7795093059539795, 0.07155418395996094, 0.010277032852172852, 0.0068204402923583984, 0.00899052619934082, 0.01611948013305664, 0.009583711624145508, 0.005936861038208008, 0.015422821044921875, 0.018429040908813477], "calc_times": [0.00299835205078125, 0.0009133815765380859, 0.0009877681732177734, 0.0016450881958007812, 0.0009071826934814453, 0.0009362697601318359, 0.0009229183197021484, 0.0009136199951171875, 0.0008652210235595703, 0.0009176731109619141]}