{"comm_times": [28.00270962715149, 0.07163667678833008, 0.010197877883911133, 0.007752656936645508, 0.00880885124206543, 0.013705253601074219, 0.012166976928710938, 0.005770444869995117, 0.01541900634765625, 0.018520593643188477], "calc_times": [0.001468658447265625, 0.0009675025939941406, 0.0010061264038085938, 0.0008971691131591797, 0.0009095668792724609, 0.0009386539459228516, 0.0009489059448242188, 0.0010097026824951172, 0.0008459091186523438, 0.0009276866912841797]}