{"comm_times": [0.4831404685974121, 0.0668191909790039, 0.011461019515991211, 0.0076982975006103516, 0.008005142211914062, 0.014604330062866211, 0.011407136917114258, 0.006810188293457031, 0.014523029327392578, 0.01910686492919922], "calc_times": [0.0029392242431640625, 0.0009174346923828125, 0.0008847713470458984, 0.0008273124694824219, 0.00084686279296875, 0.0008389949798583984, 0.0009124279022216797, 0.0008862018585205078, 0.0008153915405273438, 0.0009179115295410156]}