{"comm_times": [28.01416325569153, 0.060639142990112305, 0.011437654495239258, 0.007624626159667969, 0.007886409759521484, 0.01495981216430664, 0.010869979858398438, 0.006726980209350586, 0.01447606086730957, 0.018906593322753906], "calc_times": [0.0013153553009033203, 0.0009398460388183594, 0.001071929931640625, 0.001016855239868164, 0.0009596347808837891, 0.0009250640869140625, 0.0009849071502685547, 0.0009317398071289062, 0.0009665489196777344, 0.001007080078125]}