{"comm_times": [0.28255558013916016, 0.05853867530822754, 0.01118779182434082, 0.007907867431640625, 0.008731603622436523, 0.015069246292114258, 0.010532379150390625, 0.0064852237701416016, 0.014909982681274414, 0.018789291381835938], "calc_times": [0.00296783447265625, 0.0009076595306396484, 0.0009229183197021484, 0.0008938312530517578, 0.0008139610290527344, 0.0008509159088134766, 0.000904083251953125, 0.0008485317230224609, 0.0008003711700439453, 0.0009076595306396484]}