{"comm_times": [0.48508501052856445, 0.06322073936462402, 0.01141667366027832, 0.007330894470214844, 0.007909297943115234, 0.016283035278320312, 0.010192632675170898, 0.0062084197998046875, 0.02015376091003418, 0.013613462448120117], "calc_times": [0.0030808448791503906, 0.0009417533874511719, 0.00090789794921875, 0.0009098052978515625, 0.0008554458618164062, 0.0008690357208251953, 0.000934600830078125, 0.0008718967437744141, 0.0009086132049560547, 0.0009517669677734375]}