{"comm_times": [28.022770166397095, 0.050298213958740234, 0.010982751846313477, 0.008768796920776367, 0.0074100494384765625, 0.014813661575317383, 0.012208700180053711, 0.00651240348815918, 0.020795106887817383, 0.011689901351928711], "calc_times": [0.0009694099426269531, 0.0009691715240478516, 0.0010387897491455078, 0.0008957386016845703, 0.0009014606475830078, 0.0008394718170166016, 0.0009191036224365234, 0.0009541511535644531, 0.0008347034454345703, 0.0009713172912597656]}