{"comm_times": [0.21004986763000488, 0.0581202507019043, 0.009638547897338867, 0.009720325469970703, 0.014109373092651367, 0.007077455520629883, 0.01146554946899414, 0.00684809684753418, 0.02080249786376953, 0.012324094772338867], "calc_times": [0.002986431121826172, 0.0008945465087890625, 0.0009510517120361328, 0.0008933544158935547, 0.0009047985076904297, 0.0009245872497558594, 0.0009489059448242188, 0.0008795261383056641, 0.0008494853973388672, 0.0009224414825439453]}