{"comm_times": [1.2698535919189453, 0.067138671875, 0.010164737701416016, 0.007788896560668945, 0.008642196655273438, 0.01393270492553711, 0.012221574783325195, 0.0058383941650390625, 0.015472888946533203, 0.018498659133911133], "calc_times": [0.0010073184967041016, 0.0009944438934326172, 0.00096893310546875, 0.0008885860443115234, 0.0008568763732910156, 0.0008873939514160156, 0.0009233951568603516, 0.0008847713470458984, 0.0008082389831542969, 0.0008261203765869141]}