{"comm_times": [0.49442458152770996, 0.052358150482177734, 0.011354923248291016, 0.009013891220092773, 0.007160186767578125, 0.015032291412353516, 0.010935306549072266, 0.0066568851470947266, 0.020725011825561523, 0.012317657470703125], "calc_times": [0.0030667781829833984, 0.0008885860443115234, 0.0009055137634277344, 0.0009052753448486328, 0.0009160041809082031, 0.0009739398956298828, 0.0009047985076904297, 0.0008907318115234375, 0.0009031295776367188, 0.0009002685546875]}