{"comm_times": [0.4979560375213623, 0.04737281799316406, 0.010836124420166016, 0.008611440658569336, 0.007420063018798828, 0.015005111694335938, 0.011878252029418945, 0.0063190460205078125, 0.021237850189208984, 0.011813879013061523], "calc_times": [0.0030155181884765625, 0.0009062290191650391, 0.0009534358978271484, 0.0008623600006103516, 0.0008022785186767578, 0.0007321834564208984, 0.0008959770202636719, 0.0009238719940185547, 0.0007824897766113281, 0.0009813308715820312]}