{"comm_times": [0.7906665802001953, 0.04979276657104492, 0.011509895324707031, 0.008714437484741211, 0.006907939910888672, 0.015898704528808594, 0.010499000549316406, 0.0075070858001708984, 0.01972222328186035, 0.012052297592163086], "calc_times": [0.0009963512420654297, 0.0010411739349365234, 0.0010533332824707031, 0.000978231430053711, 0.0008630752563476562, 0.0008230209350585938, 0.0010352134704589844, 0.0008916854858398438, 0.0010025501251220703, 0.0009524822235107422]}