{"comm_times": [0.03597879409790039, 0.05648183822631836, 0.011512041091918945, 0.00826573371887207, 0.008524894714355469, 0.014653444290161133, 0.011047124862670898, 0.0059642791748046875, 0.014954090118408203, 0.018906354904174805], "calc_times": [0.002870798110961914, 0.0009589195251464844, 0.000919342041015625, 0.0008153915405273438, 0.0008242130279541016, 0.0008516311645507812, 0.0008943080902099609, 0.0009074211120605469, 0.0007779598236083984, 0.0008661746978759766]}