{"comm_times": [0.486220121383667, 0.06363201141357422, 0.010801553726196289, 0.007426023483276367, 0.007902145385742188, 0.016269445419311523, 0.008791208267211914, 0.007333517074584961, 0.013424158096313477, 0.019111156463623047], "calc_times": [0.0030393600463867188, 0.0009429454803466797, 0.0010352134704589844, 0.000942230224609375, 0.0008904933929443359, 0.0008406639099121094, 0.0009560585021972656, 0.0008928775787353516, 0.0008728504180908203, 0.0009331703186035156]}