{"comm_times": [0.2846407890319824, 0.058800697326660156, 0.010622978210449219, 0.009285926818847656, 0.007135868072509766, 0.01478433609008789, 0.011510133743286133, 0.006461381912231445, 0.021109342575073242, 0.012204170227050781], "calc_times": [0.0036225318908691406, 0.0009176731109619141, 0.0009129047393798828, 0.0008807182312011719, 0.0008609294891357422, 0.0008413791656494141, 0.000885009765625, 0.0009455680847167969, 0.0008132457733154297, 0.0009021759033203125]}