{"comm_times": [0.2817699909210205, 0.06075000762939453, 0.011974334716796875, 0.007778644561767578, 0.008230209350585938, 0.01455068588256836, 0.011336088180541992, 0.006470203399658203, 0.014498710632324219, 0.019036293029785156], "calc_times": [0.002872467041015625, 0.0009334087371826172, 0.0009176731109619141, 0.0009267330169677734, 0.0008711814880371094, 0.0008771419525146484, 0.0009191036224365234, 0.0008909702301025391, 0.0008625984191894531, 0.0008940696716308594]}