{"comm_times": [28.009564876556396, 0.06662225723266602, 0.011285066604614258, 0.007645606994628906, 0.007910013198852539, 0.014669418334960938, 0.011351823806762695, 0.006708860397338867, 0.014597415924072266, 0.019011259078979492], "calc_times": [0.0015254020690917969, 0.0010724067687988281, 0.0010211467742919922, 0.0009431838989257812, 0.0008809566497802734, 0.0008232593536376953, 0.0009081363677978516, 0.0009212493896484375, 0.0008385181427001953, 0.000942230224609375]}