{"comm_times": [27.99900197982788, 0.0788412094116211, 0.010890960693359375, 0.007854461669921875, 0.017362356185913086, 0.004960775375366211, 0.012405633926391602, 0.006138324737548828, 0.015353202819824219, 0.018429279327392578], "calc_times": [0.0014698505401611328, 0.0009279251098632812, 0.0009958744049072266, 0.0009124279022216797, 0.0008351802825927734, 0.0009753704071044922, 0.0007658004760742188, 0.0008440017700195312, 0.0007801055908203125, 0.0009171962738037109]}