{"comm_times": [28.021142721176147, 0.05561637878417969, 0.01100015640258789, 0.008867740631103516, 0.015049457550048828, 0.00668025016784668, 0.011396646499633789, 0.006905555725097656, 0.02097344398498535, 0.011932849884033203], "calc_times": [0.0015006065368652344, 0.0009438991546630859, 0.0010132789611816406, 0.0009353160858154297, 0.0009925365447998047, 0.0009369850158691406, 0.0008952617645263672, 0.0008893013000488281, 0.0008134841918945312, 0.0009512901306152344]}