{"comm_times": [0.5004761219024658, 0.04836392402648926, 0.010724544525146484, 0.008417129516601562, 0.00734400749206543, 0.014683961868286133, 0.01206064224243164, 0.006459712982177734, 0.02137279510498047, 0.011249542236328125], "calc_times": [0.003046274185180664, 0.0009307861328125, 0.0009241104125976562, 0.00092315673828125, 0.0009565353393554688, 0.000934600830078125, 0.0009222030639648438, 0.0008704662322998047, 0.0009109973907470703, 0.0009319782257080078]}