{"comm_times": [28.02552628517151, 0.05106806755065918, 0.011454105377197266, 0.008902788162231445, 0.007613658905029297, 0.01473546028137207, 0.011574029922485352, 0.0063054561614990234, 0.021677732467651367, 0.010961771011352539], "calc_times": [0.0015480518341064453, 0.0011050701141357422, 0.0011050701141357422, 0.0009272098541259766, 0.0009162425994873047, 0.0008854866027832031, 0.0009644031524658203, 0.0010385513305664062, 0.0008540153503417969, 0.0009605884552001953]}