{"comm_times": [0.29073047637939453, 0.05000758171081543, 0.015044212341308594, 0.005564451217651367, 0.007004737854003906, 0.013463258743286133, 0.011907339096069336, 0.006283283233642578, 0.02114415168762207, 0.011683225631713867], "calc_times": [0.0029244422912597656, 0.001013040542602539, 0.0009276866912841797, 0.000911712646484375, 0.0008909702301025391, 0.0009069442749023438, 0.0009303092956542969, 0.0009086132049560547, 0.0008635520935058594, 0.0010058879852294922]}