{"comm_times": [28.02851152420044, 0.04831266403198242, 0.010549306869506836, 0.008374929428100586, 0.007561683654785156, 0.014885902404785156, 0.012021541595458984, 0.00643157958984375, 0.021440744400024414, 0.01121664047241211], "calc_times": [0.001497507095336914, 0.0009591579437255859, 0.0009839534759521484, 0.0008893013000488281, 0.0007929801940917969, 0.0008115768432617188, 0.0009176731109619141, 0.0009219646453857422, 0.0008440017700195312, 0.0009276866912841797]}