{"comm_times": [0.8069980144500732, 0.04838204383850098, 0.010794401168823242, 0.008783817291259766, 0.007452487945556641, 0.015177249908447266, 0.012111425399780273, 0.006525993347167969, 0.02124190330505371, 0.012126922607421875], "calc_times": [0.0008900165557861328, 0.0009624958038330078, 0.0009500980377197266, 0.0007538795471191406, 0.0006783008575439453, 0.0006852149963378906, 0.0006749629974365234, 0.0006670951843261719, 0.0006566047668457031, 0.0007245540618896484]}