{"comm_times": [0.01918768882751465, 0.08027410507202148, 0.010616302490234375, 0.008269548416137695, 0.007354259490966797, 0.01475667953491211, 0.01228475570678711, 0.008567571640014648, 0.01265263557434082, 0.018249988555908203], "calc_times": [0.003091573715209961, 0.0008993148803710938, 0.0008790493011474609, 0.0008392333984375, 0.0008625984191894531, 0.000881195068359375, 0.0008339881896972656, 0.0008401870727539062, 0.0009067058563232422, 0.0010132789611816406]}