{"comm_times": [0.2946178913116455, 0.04808497428894043, 0.011277437210083008, 0.007929086685180664, 0.007515430450439453, 0.014722585678100586, 0.012070894241333008, 0.006085395812988281, 0.021565914154052734, 0.011307239532470703], "calc_times": [0.002942323684692383, 0.0009295940399169922, 0.0009245872497558594, 0.0009510517120361328, 0.0009436607360839844, 0.0009391307830810547, 0.0009474754333496094, 0.0009088516235351562, 0.0008745193481445312, 0.0009393692016601562]}