{"comm_times": [0.4913520812988281, 0.057526588439941406, 0.011637449264526367, 0.008430719375610352, 0.007134675979614258, 0.014705419540405273, 0.011322498321533203, 0.006699562072753906, 0.020781278610229492, 0.012104034423828125], "calc_times": [0.002935647964477539, 0.0009765625, 0.0009300708770751953, 0.0009832382202148438, 0.0009791851043701172, 0.0008628368377685547, 0.0009567737579345703, 0.0009267330169677734, 0.0008847713470458984, 0.0009407997131347656]}