{"comm_times": [0.29213881492614746, 0.0565190315246582, 0.009601116180419922, 0.009591341018676758, 0.014091014862060547, 0.006748199462890625, 0.011480093002319336, 0.006792783737182617, 0.02067732810974121, 0.012201786041259766], "calc_times": [0.0029337406158447266, 0.0009319782257080078, 0.00098419189453125, 0.0010771751403808594, 0.0009398460388183594, 0.0009758472442626953, 0.0009641647338867188, 0.0009253025054931641, 0.0009107589721679688, 0.0010333061218261719]}