{"comm_times": [28.02721333503723, 0.049072265625, 0.011855840682983398, 0.008808374404907227, 0.006845712661743164, 0.016020774841308594, 0.010594844818115234, 0.006961822509765625, 0.020364999771118164, 0.01209568977355957], "calc_times": [0.0015087127685546875, 0.0010790824890136719, 0.001024484634399414, 0.0008904933929443359, 0.0008742809295654297, 0.0008413791656494141, 0.0009472370147705078, 0.0008687973022460938, 0.0008387565612792969, 0.0008823871612548828]}