{"comm_times": [0.2972831726074219, 0.05035519599914551, 0.010119915008544922, 0.008679389953613281, 0.007409095764160156, 0.014794349670410156, 0.012300729751586914, 0.006631612777709961, 0.020775318145751953, 0.011747598648071289], "calc_times": [0.0029764175415039062, 0.0009148120880126953, 0.0016994476318359375, 0.0009560585021972656, 0.0008730888366699219, 0.0008397102355957031, 0.0008909702301025391, 0.0008692741394042969, 0.0008358955383300781, 0.0009331703186035156]}