{"comm_times": [28.018824577331543, 0.05736732482910156, 0.010921001434326172, 0.009107828140258789, 0.00719904899597168, 0.014706134796142578, 0.011363506317138672, 0.00683283805847168, 0.020859718322753906, 0.012147903442382812], "calc_times": [0.0013129711151123047, 0.0010802745819091797, 0.0010747909545898438, 0.0008471012115478516, 0.0009238719940185547, 0.000843048095703125, 0.0009024143218994141, 0.0008308887481689453, 0.0008482933044433594, 0.0009047985076904297]}