{"comm_times": [28.022119522094727, 0.059264421463012695, 0.008140087127685547, 0.008832216262817383, 0.01432943344116211, 0.007329225540161133, 0.011131763458251953, 0.006659269332885742, 0.02104496955871582, 0.012014150619506836], "calc_times": [0.0010001659393310547, 0.0009427070617675781, 0.0011277198791503906, 0.0009241104125976562, 0.0009293556213378906, 0.0009531974792480469, 0.0009071826934814453, 0.0009582042694091797, 0.0008831024169921875, 0.0009577274322509766]}