{"comm_times": [28.01633930206299, 0.05888056755065918, 0.012012004852294922, 0.007643461227416992, 0.008287906646728516, 0.01446223258972168, 0.011443853378295898, 0.00635838508605957, 0.014592170715332031, 0.018764734268188477], "calc_times": [0.0013611316680908203, 0.0011000633239746094, 0.001071929931640625, 0.0009062290191650391, 0.0008931159973144531, 0.0009543895721435547, 0.0009260177612304688, 0.0008707046508789062, 0.0009016990661621094, 0.0009684562683105469]}