{"comm_times": [28.005348443984985, 0.05663633346557617, 0.01140904426574707, 0.008188009262084961, 0.008447885513305664, 0.014613151550292969, 0.010876893997192383, 0.006240129470825195, 0.014899730682373047, 0.019044160842895508], "calc_times": [0.0011036396026611328, 0.0010132789611816406, 0.0009810924530029297, 0.0009195804595947266, 0.0008738040924072266, 0.0009009838104248047, 0.0008931159973144531, 0.0008323192596435547, 0.0007653236389160156, 0.0007729530334472656]}