{"comm_times": [0.7929039001464844, 0.06186270713806152, 0.01097869873046875, 0.00818181037902832, 0.007840394973754883, 0.015082836151123047, 0.011008024215698242, 0.006757259368896484, 0.01457524299621582, 0.019304990768432617], "calc_times": [0.0010349750518798828, 0.001077890396118164, 0.001074075698852539, 0.0008683204650878906, 0.0007970333099365234, 0.0007991790771484375, 0.0008728504180908203, 0.0008208751678466797, 0.0007281303405761719, 0.0008475780487060547]}