{"comm_times": [0.46779441833496094, 0.07882905006408691, 0.011011838912963867, 0.00780487060546875, 0.017429113388061523, 0.004948854446411133, 0.012382745742797852, 0.006022930145263672, 0.015267133712768555, 0.01846027374267578], "calc_times": [0.002863645553588867, 0.0009508132934570312, 0.0008907318115234375, 0.0009534358978271484, 0.0008256435394287109, 0.0009167194366455078, 0.0008032321929931641, 0.0009465217590332031, 0.0008141994476318359, 0.0008919239044189453]}