{"comm_times": [0.4808642864227295, 0.06364583969116211, 0.011464595794677734, 0.007588863372802734, 0.009326934814453125, 0.013724803924560547, 0.010960102081298828, 0.006590604782104492, 0.014443397521972656, 0.019057035446166992], "calc_times": [0.0029425621032714844, 0.0008962154388427734, 0.00093841552734375, 0.0009171962738037109, 0.0008578300476074219, 0.0008938312530517578, 0.0009446144104003906, 0.0008966922760009766, 0.0009815692901611328, 0.0009026527404785156]}