{"comm_times": [28.027751922607422, 0.0473027229309082, 0.011072158813476562, 0.0081024169921875, 0.0074405670166015625, 0.014694452285766602, 0.012041330337524414, 0.0060999393463134766, 0.0213470458984375, 0.011532783508300781], "calc_times": [0.0015630722045898438, 0.0009849071502685547, 0.0011229515075683594, 0.0008966922760009766, 0.0009179115295410156, 0.0011050701141357422, 0.0009162425994873047, 0.0009698867797851562, 0.0008592605590820312, 0.0009286403656005859]}