{"comm_times": [28.008888959884644, 0.06792402267456055, 0.009675025939941406, 0.008136987686157227, 0.008674860000610352, 0.013788223266601562, 0.012246370315551758, 0.005589962005615234, 0.015611410140991211, 0.017934322357177734], "calc_times": [0.0010056495666503906, 0.000993490219116211, 0.0010485649108886719, 0.0009081363677978516, 0.0009183883666992188, 0.0008499622344970703, 0.0009672641754150391, 0.0008869171142578125, 0.0008959770202636719, 0.0009524822235107422]}