{"comm_times": [28.031931161880493, 0.04724264144897461, 0.010613679885864258, 0.008630514144897461, 0.0073854923248291016, 0.014893531799316406, 0.011863946914672852, 0.006339073181152344, 0.021219968795776367, 0.011700868606567383], "calc_times": [0.0012226104736328125, 0.0009732246398925781, 0.0011844635009765625, 0.0008256435394287109, 0.0008568763732910156, 0.0008213520050048828, 0.0009336471557617188, 0.0008709430694580078, 0.0008184909820556641, 0.0009140968322753906]}