{"comm_times": [0.16387724876403809, 0.06827759742736816, 0.00961446762084961, 0.007982254028320312, 0.008890628814697266, 0.013889789581298828, 0.012305498123168945, 0.005492448806762695, 0.015517950057983398, 0.018294811248779297], "calc_times": [0.002944469451904297, 0.0009715557098388672, 0.000965118408203125, 0.0009214878082275391, 0.000835418701171875, 0.0008714199066162109, 0.0008974075317382812, 0.0009024143218994141, 0.0008175373077392578, 0.0008797645568847656]}