{"comm_times": [0.47084546089172363, 0.07936239242553711, 0.010654687881469727, 0.007994413375854492, 0.017587900161743164, 0.00475621223449707, 0.01217508316040039, 0.006139516830444336, 0.015300512313842773, 0.018359899520874023], "calc_times": [0.003147125244140625, 0.0009558200836181641, 0.0009248256683349609, 0.0009236335754394531, 0.0008797645568847656, 0.0009691715240478516, 0.0008187294006347656, 0.0008985996246337891, 0.0008413791656494141, 0.0008823871612548828]}