{"comm_times": [0.19638800621032715, 0.07162618637084961, 0.010342836380004883, 0.0076296329498291016, 0.008778095245361328, 0.013655424118041992, 0.012086153030395508, 0.005709648132324219, 0.015384674072265625, 0.018517255783081055], "calc_times": [0.003065824508666992, 0.0009493827819824219, 0.0009517669677734375, 0.0009660720825195312, 0.0009353160858154297, 0.0009658336639404297, 0.0010485649108886719, 0.001070261001586914, 0.0008730888366699219, 0.0009629726409912109]}