{"comm_times": [0.21973800659179688, 0.04848170280456543, 0.01071476936340332, 0.00855398178100586, 0.007560014724731445, 0.014770746231079102, 0.011992216110229492, 0.006150245666503906, 0.02123713493347168, 0.011581182479858398], "calc_times": [0.0009799003601074219, 0.0009582042694091797, 0.0009915828704833984, 0.0009212493896484375, 0.0009105205535888672, 0.0008525848388671875, 0.0009207725524902344, 0.000965118408203125, 0.0009000301361083984, 0.0009548664093017578]}