{"comm_times": [0.32686567306518555, 0.06229424476623535, 0.010947227478027344, 0.00815892219543457, 0.007867813110351562, 0.015115022659301758, 0.010935783386230469, 0.006766080856323242, 0.014584541320800781, 0.01924896240234375], "calc_times": [0.003094196319580078, 0.0008866786956787109, 0.0009539127349853516, 0.0008361339569091797, 0.0007882118225097656, 0.0007598400115966797, 0.0008687973022460938, 0.000823974609375, 0.0007445812225341797, 0.0008585453033447266]}