{"comm_times": [28.00516939163208, 0.06825447082519531, 0.01029348373413086, 0.0075643062591552734, 0.00793004035949707, 0.015019416809082031, 0.010948896408081055, 0.006773948669433594, 0.014510631561279297, 0.019055843353271484], "calc_times": [0.0010936260223388672, 0.001013040542602539, 0.001949310302734375, 0.0009362697601318359, 0.0008580684661865234, 0.0008435249328613281, 0.0009272098541259766, 0.0009467601776123047, 0.00092315673828125, 0.00091552734375]}