{"comm_times": [0.18639898300170898, 0.05122733116149902, 0.010666608810424805, 0.009728431701660156, 0.0067522525787353516, 0.014550209045410156, 0.011663675308227539, 0.009063243865966797, 0.018458843231201172, 0.013970613479614258], "calc_times": [0.0031709671020507812, 0.0009255409240722656, 0.0009086132049560547, 0.0009000301361083984, 0.0008921623229980469, 0.0008985996246337891, 0.0008766651153564453, 0.0008809566497802734, 0.0009367465972900391, 0.0009179115295410156]}