{"comm_times": [28.014086723327637, 0.06045866012573242, 0.011103391647338867, 0.007677316665649414, 0.008347749710083008, 0.01503610610961914, 0.010625839233398438, 0.00667262077331543, 0.014708995819091797, 0.0189058780670166], "calc_times": [0.001027822494506836, 0.0009949207305908203, 0.001051187515258789, 0.0009331703186035156, 0.0008275508880615234, 0.0008389949798583984, 0.0009815692901611328, 0.0008683204650878906, 0.0008590221405029297, 0.0009093284606933594]}