{"comm_times": [0.48967981338500977, 0.05942893028259277, 0.008219242095947266, 0.008838891983032227, 0.01437067985534668, 0.007609128952026367, 0.010895967483520508, 0.006685733795166016, 0.02095651626586914, 0.01218867301940918], "calc_times": [0.003137826919555664, 0.00091552734375, 0.0009195804595947266, 0.00091552734375, 0.0008943080902099609, 0.0009176731109619141, 0.000934600830078125, 0.000957489013671875, 0.0008652210235595703, 0.001013040542602539]}