{"comm_times": [0.17666077613830566, 0.05959463119506836, 0.011871099472045898, 0.007620811462402344, 0.008037090301513672, 0.014927148818969727, 0.011128902435302734, 0.006583690643310547, 0.02694416046142578, 0.00666499137878418], "calc_times": [0.002975940704345703, 0.0009582042694091797, 0.0009293556213378906, 0.0008645057678222656, 0.0008518695831298828, 0.0008494853973388672, 0.0008955001831054688, 0.0009124279022216797, 0.0008447170257568359, 0.0009036064147949219]}