{"comm_times": [0.18289780616760254, 0.05901670455932617, 0.009204626083374023, 0.009595394134521484, 0.014420270919799805, 0.007364988327026367, 0.011317014694213867, 0.006665706634521484, 0.02084970474243164, 0.012338399887084961], "calc_times": [0.0031576156616210938, 0.0009427070617675781, 0.0009322166442871094, 0.0008406639099121094, 0.0008444786071777344, 0.0009121894836425781, 0.0008394718170166016, 0.0008685588836669922, 0.0008320808410644531, 0.0008842945098876953]}