{"comm_times": [0.2056114673614502, 0.06068539619445801, 0.011646032333374023, 0.007779836654663086, 0.008082151412963867, 0.01492762565612793, 0.010988950729370117, 0.0067331790924072266, 0.01457667350769043, 0.01906418800354004], "calc_times": [0.002946138381958008, 0.000896453857421875, 0.000896453857421875, 0.0008542537689208984, 0.0008633136749267578, 0.0008809566497802734, 0.0009503364562988281, 0.0008959770202636719, 0.0008471012115478516, 0.0008723735809326172]}