{"comm_times": [0.16955852508544922, 0.07168340682983398, 0.010398626327514648, 0.007445812225341797, 0.009072542190551758, 0.016157865524291992, 0.009607791900634766, 0.005894899368286133, 0.015374183654785156, 0.0183866024017334], "calc_times": [0.0029897689819335938, 0.0008776187896728516, 0.0009086132049560547, 0.0008907318115234375, 0.0008792877197265625, 0.0009148120880126953, 0.0008935928344726562, 0.0009098052978515625, 0.0008854866027832031, 0.0009746551513671875]}