{"comm_times": [28.017502307891846, 0.06155514717102051, 0.011255741119384766, 0.007928609848022461, 0.00783538818359375, 0.014961481094360352, 0.010915994644165039, 0.006731510162353516, 0.014488697052001953, 0.01912665367126465], "calc_times": [0.0015556812286376953, 0.0009686946868896484, 0.0010042190551757812, 0.0009539127349853516, 0.0008742809295654297, 0.0008566379547119141, 0.0009417533874511719, 0.0009427070617675781, 0.0008344650268554688, 0.0008945465087890625]}