{"comm_times": [0.027123212814331055, 0.06598854064941406, 0.010404825210571289, 0.007835149765014648, 0.00861215591430664, 0.013791561126708984, 0.012626409530639648, 0.0055389404296875, 0.015560626983642578, 0.01826763153076172], "calc_times": [0.003030061721801758, 0.0009026527404785156, 0.0008912086486816406, 0.0009315013885498047, 0.0008797645568847656, 0.0008523464202880859, 0.0008890628814697266, 0.0009062290191650391, 0.0008218288421630859, 0.0009214878082275391]}