{"comm_times": [1.220479965209961, 0.05075407028198242, 0.011452674865722656, 0.00888371467590332, 0.007495880126953125, 0.014786958694458008, 0.0118255615234375, 0.006211042404174805, 0.02151775360107422, 0.011065006256103516], "calc_times": [0.0009670257568359375, 0.0010178089141845703, 0.0010211467742919922, 0.0009632110595703125, 0.0009424686431884766, 0.0008633136749267578, 0.0009341239929199219, 0.0008893013000488281, 0.0008602142333984375, 0.0009248256683349609]}