{"comm_times": [0.2878754138946533, 0.06062436103820801, 0.01119232177734375, 0.007745504379272461, 0.008348941802978516, 0.01506495475769043, 0.010760307312011719, 0.006676673889160156, 0.014719247817993164, 0.0189971923828125], "calc_times": [0.002927064895629883, 0.0008985996246337891, 0.0009307861328125, 0.0008795261383056641, 0.0008318424224853516, 0.0008118152618408203, 0.0008647441864013672, 0.0008628368377685547, 0.0007958412170410156, 0.0008373260498046875]}