{"comm_times": [28.00643754005432, 0.07135295867919922, 0.010526657104492188, 0.007470846176147461, 0.009042978286743164, 0.013734102249145508, 0.012181520462036133, 0.00603485107421875, 0.015385150909423828, 0.0187985897064209], "calc_times": [0.0014700889587402344, 0.0010159015655517578, 0.0009627342224121094, 0.0009725093841552734, 0.000835418701171875, 0.0008246898651123047, 0.00089263916015625, 0.0008475780487060547, 0.0007815361022949219, 0.0008609294891357422]}