{"comm_times": [0.2615702152252197, 0.08381223678588867, 0.012044191360473633, 0.007264614105224609, 0.01611614227294922, 0.005095720291137695, 0.012269735336303711, 0.006751537322998047, 0.014725923538208008, 0.019488811492919922], "calc_times": [0.0030517578125, 0.0009226799011230469, 0.000993490219116211, 0.0009715557098388672, 0.000934600830078125, 0.0009806156158447266, 0.0008118152618408203, 0.0009226799011230469, 0.0009541511535644531, 0.0008916854858398438]}