{"comm_times": [0.04509401321411133, 0.04743075370788574, 0.011236429214477539, 0.008270263671875, 0.008476495742797852, 0.01410365104675293, 0.012095451354980469, 0.006162881851196289, 0.021504878997802734, 0.01153421401977539], "calc_times": [0.0029604434967041016, 0.0008714199066162109, 0.0008943080902099609, 0.0008141994476318359, 0.0008051395416259766, 0.0007991790771484375, 0.0008952617645263672, 0.0008606910705566406, 0.0007703304290771484, 0.0008904933929443359]}