{"comm_times": [0.29982805252075195, 0.04820084571838379, 0.01074838638305664, 0.008577108383178711, 0.007436513900756836, 0.014926910400390625, 0.012077569961547852, 0.0061948299407958984, 0.02131509780883789, 0.011520862579345703], "calc_times": [0.0028409957885742188, 0.0009508132934570312, 0.0009024143218994141, 0.000873565673828125, 0.000926971435546875, 0.0008370876312255859, 0.0008947849273681641, 0.0009126663208007812, 0.0008456707000732422, 0.0008840560913085938]}