{"comm_times": [28.019775390625, 0.05641818046569824, 0.010372638702392578, 0.008713960647583008, 0.014698505401611328, 0.007076740264892578, 0.011601448059082031, 0.006829500198364258, 0.021027088165283203, 0.011814117431640625], "calc_times": [0.0012607574462890625, 0.0009500980377197266, 0.0009815692901611328, 0.0009284019470214844, 0.0009291172027587891, 0.000993967056274414, 0.0008900165557861328, 0.0009291172027587891, 0.0008344650268554688, 0.00098419189453125]}