{"comm_times": [1.209101676940918, 0.06256532669067383, 0.010776758193969727, 0.007518291473388672, 0.007833719253540039, 0.01651310920715332, 0.010122537612915039, 0.006060600280761719, 0.020253896713256836, 0.013504505157470703], "calc_times": [0.0011510848999023438, 0.0010294914245605469, 0.0010073184967041016, 0.0009055137634277344, 0.000873565673828125, 0.0007956027984619141, 0.0009317398071289062, 0.0009632110595703125, 0.0008153915405273438, 0.0009522438049316406]}