{"comm_times": [0.49726247787475586, 0.0524134635925293, 0.011354207992553711, 0.008748292922973633, 0.007445812225341797, 0.01480555534362793, 0.011812686920166016, 0.006733417510986328, 0.020717859268188477, 0.011875152587890625], "calc_times": [0.0027933120727539062, 0.0009512901306152344, 0.0009553432464599609, 0.0008709430694580078, 0.0008490085601806641, 0.0009007453918457031, 0.0009086132049560547, 0.0008714199066162109, 0.0008113384246826172, 0.0009758472442626953]}