{"comm_times": [28.0191707611084, 0.0538942813873291, 0.01078033447265625, 0.008693218231201172, 0.007925271987915039, 0.01591205596923828, 0.010512351989746094, 0.006497383117675781, 0.021762609481811523, 0.011034011840820312], "calc_times": [0.0014643669128417969, 0.0010349750518798828, 0.0010266304016113281, 0.0008928775787353516, 0.0008375644683837891, 0.0007982254028320312, 0.0009248256683349609, 0.0008800029754638672, 0.0007781982421875, 0.0009567737579345703]}