{"comm_times": [0.28615474700927734, 0.05414533615112305, 0.010898828506469727, 0.008576631546020508, 0.008011102676391602, 0.015847444534301758, 0.010478734970092773, 0.006533622741699219, 0.021657228469848633, 0.011115074157714844], "calc_times": [0.003216981887817383, 0.0009064674377441406, 0.0009319782257080078, 0.0009241104125976562, 0.0008237361907958984, 0.0008435249328613281, 0.0009071826934814453, 0.0008890628814697266, 0.0008246898651123047, 0.0008912086486816406]}