{"comm_times": [0.03408551216125488, 0.05904078483581543, 0.012227535247802734, 0.007558584213256836, 0.008431673049926758, 0.01445150375366211, 0.011527299880981445, 0.0062711238861083984, 0.01460576057434082, 0.018794775009155273], "calc_times": [0.0028412342071533203, 0.0009064674377441406, 0.0009257793426513672, 0.0009696483612060547, 0.0008172988891601562, 0.0009105205535888672, 0.00095367431640625, 0.0008974075317382812, 0.0008857250213623047, 0.0009071826934814453]}