{"comm_times": [27.99042773246765, 0.08363699913024902, 0.012027740478515625, 0.00722956657409668, 0.01607990264892578, 0.00516200065612793, 0.012207746505737305, 0.00672459602355957, 0.014998435974121094, 0.019346237182617188], "calc_times": [0.001499176025390625, 0.0009911060333251953, 0.0010743141174316406, 0.0010063648223876953, 0.0009500980377197266, 0.00098419189453125, 0.0008320808410644531, 0.0008366107940673828, 0.0008418560028076172, 0.0009386539459228516]}