{"comm_times": [28.025525093078613, 0.04850196838378906, 0.010723352432250977, 0.00854182243347168, 0.007422924041748047, 0.014887332916259766, 0.011949777603149414, 0.006238460540771484, 0.021340370178222656, 0.011573553085327148], "calc_times": [0.0013251304626464844, 0.0009906291961669922, 0.0009884834289550781, 0.0009229183197021484, 0.0008971691131591797, 0.0009052753448486328, 0.0009429454803466797, 0.000865936279296875, 0.000804901123046875, 0.0009846687316894531]}