{"comm_times": [0.4991893768310547, 0.04998493194580078, 0.011536836624145508, 0.008757591247558594, 0.0068950653076171875, 0.015924930572509766, 0.010554790496826172, 0.007597923278808594, 0.011461019515991211, 0.01205134391784668], "calc_times": [0.0028853416442871094, 0.0009472370147705078, 0.0009322166442871094, 0.0009281635284423828, 0.0008857250213623047, 0.0008411407470703125, 0.0009279251098632812, 0.0009114742279052734, 0.0009751319885253906, 0.0009200572967529297]}