{"comm_times": [0.18442296981811523, 0.05096173286437988, 0.011648178100585938, 0.008802652359008789, 0.0074520111083984375, 0.014647960662841797, 0.011881113052368164, 0.0062122344970703125, 0.02150130271911621, 0.011164426803588867], "calc_times": [0.002897024154663086, 0.0008935928344726562, 0.0009527206420898438, 0.0008962154388427734, 0.0009562969207763672, 0.0009827613830566406, 0.0008983612060546875, 0.0009255409240722656, 0.0008406639099121094, 0.0009207725524902344]}