{"comm_times": [27.988253593444824, 0.08818531036376953, 0.011031866073608398, 0.008009195327758789, 0.017298221588134766, 0.004858970642089844, 0.011908769607543945, 0.006192922592163086, 0.015050411224365234, 0.01829838752746582], "calc_times": [0.0009975433349609375, 0.0010173320770263672, 0.0009865760803222656, 0.0009579658508300781, 0.0009171962738037109, 0.0009441375732421875, 0.0010223388671875, 0.0009524822235107422, 0.0010592937469482422, 0.000985860824584961]}