{"comm_times": [0.49353909492492676, 0.05582118034362793, 0.011051416397094727, 0.008881807327270508, 0.015200614929199219, 0.0066945552825927734, 0.011453866958618164, 0.00685572624206543, 0.020884037017822266, 0.011960744857788086], "calc_times": [0.0029709339141845703, 0.0009043216705322266, 0.0008971691131591797, 0.0008730888366699219, 0.0008556842803955078, 0.0009267330169677734, 0.0008668899536132812, 0.0009357929229736328, 0.0008864402770996094, 0.0009031295776367188]}