{"comm_times": [0.18797802925109863, 0.05247235298156738, 0.006386756896972656, 0.008278131484985352, 0.007416725158691406, 0.014742136001586914, 0.011982917785644531, 0.0064656734466552734, 0.02134108543395996, 0.011219263076782227], "calc_times": [0.0031507015228271484, 0.0008802413940429688, 0.0009081363677978516, 0.0011441707611083984, 0.0008823871612548828, 0.0008935928344726562, 0.0009906291961669922, 0.0008981227874755859, 0.0008792877197265625, 0.0009107589721679688]}