{"comm_times": [0.4754624366760254, 0.07149958610534668, 0.010452747344970703, 0.007569313049316406, 0.00903630256652832, 0.013466835021972656, 0.012181520462036133, 0.005968570709228516, 0.015369415283203125, 0.018671512603759766], "calc_times": [0.003154277801513672, 0.0009322166442871094, 0.0009768009185791016, 0.0009150505065917969, 0.0009272098541259766, 0.0008990764617919922, 0.0009081363677978516, 0.0009090900421142578, 0.0008380413055419922, 0.0009176731109619141]}