{"comm_times": [0.27533888816833496, 0.07273244857788086, 0.010218620300292969, 0.007788896560668945, 0.008993864059448242, 0.014131784439086914, 0.011847734451293945, 0.006126880645751953, 0.015251874923706055, 0.018687009811401367], "calc_times": [0.003111124038696289, 0.0008978843688964844, 0.0008959770202636719, 0.0008685588836669922, 0.0008528232574462891, 0.0008060932159423828, 0.0008981227874755859, 0.0008711814880371094, 0.0008587837219238281, 0.0008859634399414062]}