{"comm_times": [28.027172327041626, 0.0498499870300293, 0.01122593879699707, 0.00934743881225586, 0.006912946701049805, 0.014560461044311523, 0.011551380157470703, 0.0065860748291015625, 0.021009445190429688, 0.011939525604248047], "calc_times": [0.001558542251586914, 0.0010218620300292969, 0.0011279582977294922, 0.0009233951568603516, 0.0008711814880371094, 0.0008418560028076172, 0.0009491443634033203, 0.0009400844573974609, 0.0008778572082519531, 0.0009331703186035156]}