{"comm_times": [0.6214492321014404, 0.010852575302124023, 0.003270864486694336, 0.002765178680419922, 0.0029654502868652344, 0.00561976432800293, 0.0021097660064697266, 0.003042459487915039, 0.0031888484954833984, 0.003205537796020508], "calc_times": [0.0010044574737548828, 0.0010561943054199219, 0.0010251998901367188, 0.0008080005645751953, 0.00075531005859375, 0.0006957054138183594, 0.0007998943328857422, 0.0007302761077880859, 0.0007050037384033203, 0.0006964206695556641]}