{"comm_times": [0.019182682037353516, 0.003586292266845703, 0.002898693084716797, 0.0029888153076171875, 0.0027158260345458984, 0.004962921142578125, 0.003023862838745117, 0.0030510425567626953, 0.002859830856323242, 0.002923727035522461], "calc_times": [0.002971172332763672, 0.0009379386901855469, 0.0008082389831542969, 0.0007863044738769531, 0.0007998943328857422, 0.0007970333099365234, 0.0008087158203125, 0.000774383544921875, 0.000774383544921875, 0.0007758140563964844]}