{"comm_times": [0.27242326736450195, 0.002735137939453125, 0.002802133560180664, 0.003119945526123047, 0.002849578857421875, 0.005186557769775391, 0.003049612045288086, 0.0028569698333740234, 0.003323078155517578, 0.0032923221588134766], "calc_times": [0.0031511783599853516, 0.0009124279022216797, 0.0008051395416259766, 0.00074005126953125, 0.0007052421569824219, 0.0006825923919677734, 0.0007231235504150391, 0.0006890296936035156, 0.0006582736968994141, 0.0006918907165527344]}