{"comm_times": [0.007588863372802734, 0.006520986557006836, 0.0033380985260009766, 0.0027396678924560547, 0.0054552555084228516, 0.0023040771484375, 0.0029311180114746094, 0.0032618045806884766, 0.0031363964080810547, 0.0029914379119873047], "calc_times": [0.011226177215576172, 0.0008757114410400391, 0.0008816719055175781, 0.0008087158203125, 0.0007581710815429688, 0.00086212158203125, 0.0007176399230957031, 0.0007326602935791016, 0.0007195472717285156, 0.0007495880126953125]}