{"comm_times": [0.012688398361206055, 0.008219718933105469, 0.0033702850341796875, 0.002821207046508789, 0.0029299259185791016, 0.0059163570404052734, 0.001821756362915039, 0.003275156021118164, 0.0024843215942382812, 0.003049612045288086], "calc_times": [0.0031828880310058594, 0.0008957386016845703, 0.0008780956268310547, 0.0007834434509277344, 0.0007781982421875, 0.0007834434509277344, 0.0009436607360839844, 0.0007791519165039062, 0.000797271728515625, 0.0007503032684326172]}