{"comm_times": [0.26807641983032227, 0.006538867950439453, 0.003190755844116211, 0.0029337406158447266, 0.00537562370300293, 0.0021851062774658203, 0.0030205249786376953, 0.003147602081298828, 0.003026247024536133, 0.002989530563354492], "calc_times": [0.003198862075805664, 0.0009407997131347656, 0.0008807182312011719, 0.00080108642578125, 0.0008358955383300781, 0.0008273124694824219, 0.0007226467132568359, 0.0007221698760986328, 0.0007607936859130859, 0.0007486343383789062]}