{"comm_times": [0.016112089157104492, 0.004866123199462891, 0.0031270980834960938, 0.002641439437866211, 0.0030918121337890625, 0.004998683929443359, 0.0026710033416748047, 0.0032393932342529297, 0.0029020309448242188, 0.0036461353302001953], "calc_times": [0.003143310546875, 0.0009071826934814453, 0.0008294582366943359, 0.0007967948913574219, 0.0007936954498291016, 0.0007965564727783203, 0.0008821487426757812, 0.0007653236389160156, 0.0008020401000976562, 0.0007655620574951172]}