{"comm_times": [0.6288328170776367, 0.003070354461669922, 0.0028066635131835938, 0.0028786659240722656, 0.0028734207153320312, 0.0046269893646240234, 0.0028924942016601562, 0.0028350353240966797, 0.003271818161010742, 0.002523183822631836], "calc_times": [0.0012273788452148438, 0.0010654926300048828, 0.0009212493896484375, 0.0008480548858642578, 0.0009496212005615234, 0.0008754730224609375, 0.0008561611175537109, 0.0007579326629638672, 0.00077056884765625, 0.0008571147918701172]}