{"comm_times": [0.6245205402374268, 0.006511688232421875, 0.003252267837524414, 0.0029320716857910156, 0.005499124526977539, 0.0022966861724853516, 0.0029976367950439453, 0.0031783580780029297, 0.0031342506408691406, 0.003058195114135742], "calc_times": [0.003045797348022461, 0.0009751319885253906, 0.000823974609375, 0.0007259845733642578, 0.0007567405700683594, 0.0007853507995605469, 0.0007176399230957031, 0.0007023811340332031, 0.0007042884826660156, 0.0006699562072753906]}