{"comm_times": [0.6301836967468262, 0.002604961395263672, 0.002712726593017578, 0.0029604434967041016, 0.0027990341186523438, 0.004137277603149414, 0.0028781890869140625, 0.0025899410247802734, 0.003098726272583008, 0.0031762123107910156], "calc_times": [0.001506805419921875, 0.0010557174682617188, 0.0008590221405029297, 0.0008606910705566406, 0.0007748603820800781, 0.0008664131164550781, 0.0008866786956787109, 0.00093841552734375, 0.0008282661437988281, 0.0008282661437988281]}