{"comm_times": [0.10128140449523926, 0.008120536804199219, 0.0033483505249023438, 0.0027740001678466797, 0.003047943115234375, 0.005837440490722656, 0.0020020008087158203, 0.003290414810180664, 0.0025751590728759766, 0.003068208694458008], "calc_times": [0.0014278888702392578, 0.0009849071502685547, 0.0008792877197265625, 0.0008051395416259766, 0.0007548332214355469, 0.0007863044738769531, 0.0008122920989990234, 0.0007195472717285156, 0.0007467269897460938, 0.0007128715515136719]}