{"comm_times": [0.10455703735351562, 0.0047283172607421875, 0.0032012462615966797, 0.0027382373809814453, 0.003161907196044922, 0.005043506622314453, 0.002672433853149414, 0.003257274627685547, 0.0030930042266845703, 0.003147602081298828], "calc_times": [0.0013217926025390625, 0.0010116100311279297, 0.0008208751678466797, 0.0007517337799072266, 0.0007312297821044922, 0.0007107257843017578, 0.000957489013671875, 0.0006945133209228516, 0.0006773471832275391, 0.0007052421569824219]}