{"comm_times": [0.0944981575012207, 0.006396770477294922, 0.0033240318298339844, 0.0027618408203125, 0.005388021469116211, 0.002371072769165039, 0.002894878387451172, 0.003243684768676758, 0.003107309341430664, 0.002956390380859375], "calc_times": [0.011591672897338867, 0.0009312629699707031, 0.0008809566497802734, 0.0008280277252197266, 0.0007855892181396484, 0.0008058547973632812, 0.0007357597351074219, 0.0007677078247070312, 0.0007274150848388672, 0.0007538795471191406]}