{"comm_times": [0.10856223106384277, 0.0034782886505126953, 0.002829313278198242, 0.0030422210693359375, 0.002800464630126953, 0.00502467155456543, 0.003081083297729492, 0.0029821395874023438, 0.0027894973754882812, 0.0029506683349609375], "calc_times": [0.0009639263153076172, 0.0010349750518798828, 0.0008566379547119141, 0.0007338523864746094, 0.0007491111755371094, 0.0007452964782714844, 0.0007951259613037109, 0.0008170604705810547, 0.0007762908935546875, 0.000766754150390625]}