{"comm_times": [0.34769368171691895, 0.011072874069213867, 0.0030579566955566406, 0.0025916099548339844, 0.003045320510864258, 0.0060656070709228516, 0.0020101070404052734, 0.0026335716247558594, 0.0032806396484375, 0.0027425289154052734], "calc_times": [0.0013840198516845703, 0.0009348392486572266, 0.001219034194946289, 0.0008342266082763672, 0.0006380081176757812, 0.0006635189056396484, 0.0006761550903320312, 0.000989675521850586, 0.0006799697875976562, 0.0011227130889892578]}