{"comm_times": [0.3558807373046875, 0.0033559799194335938, 0.0029985904693603516, 0.002857685089111328, 0.0030565261840820312, 0.0047702789306640625, 0.0031118392944335938, 0.002889394760131836, 0.0033533573150634766, 0.002789020538330078], "calc_times": [0.001238107681274414, 0.0009875297546386719, 0.0007109642028808594, 0.0007266998291015625, 0.0007565021514892578, 0.0007545948028564453, 0.0007443428039550781, 0.0007305145263671875, 0.0006673336029052734, 0.0006766319274902344]}