{"comm_times": [1.090627908706665, 0.038485050201416016, 0.007330894470214844, 0.00639033317565918, 0.0076122283935546875, 0.04065752029418945, 0.008949995040893555, 0.00914454460144043, 0.023462295532226562, 0.04652237892150879], "calc_times": [0.0038063526153564453, 0.0009183883666992188, 0.0010600090026855469, 0.0008170604705810547, 0.0007760524749755859, 0.0007710456848144531, 0.0008995532989501953, 0.0008113384246826172, 0.0008094310760498047, 0.0008821487426757812]}