{"comm_times": [0.7641117572784424, 0.03828287124633789, 0.006550788879394531, 0.00626683235168457, 0.0075037479400634766, 0.04046297073364258, 0.008626222610473633, 0.009141921997070312, 0.02419137954711914, 0.0464482307434082], "calc_times": [0.0030782222747802734, 0.0008997917175292969, 0.0009107589721679688, 0.0008511543273925781, 0.0008518695831298828, 0.0008187294006347656, 0.0009109973907470703, 0.0008306503295898438, 0.0008308887481689453, 0.0009567737579345703]}