{"comm_times": [1.0568559169769287, 0.01765298843383789, 0.007734775543212891, 0.005753993988037109, 0.0070343017578125, 0.04069352149963379, 0.011444807052612305, 0.0250852108001709, 0.004926443099975586, 0.04637312889099121], "calc_times": [0.0030694007873535156, 0.0009398460388183594, 0.0009853839874267578, 0.0008549690246582031, 0.000873565673828125, 0.0009238719940185547, 0.0009369850158691406, 0.000949859619140625, 0.0009572505950927734, 0.0009291172027587891]}