{"comm_times": [1.0070772171020508, 0.007871866226196289, 0.006369829177856445, 0.007963895797729492, 0.006818056106567383, 0.04112529754638672, 0.009539127349853516, 0.007329463958740234, 0.02439141273498535, 0.047088623046875], "calc_times": [0.002950429916381836, 0.0009315013885498047, 0.0008533000946044922, 0.0007753372192382812, 0.0008952617645263672, 0.0008604526519775391, 0.0008997917175292969, 0.00090789794921875, 0.0008161067962646484, 0.0009016990661621094]}