{"comm_times": [1.1068260669708252, 0.021930932998657227, 0.006833076477050781, 0.007706165313720703, 0.009209632873535156, 0.038285017013549805, 0.008340120315551758, 0.009286642074584961, 0.024063587188720703, 0.04564476013183594], "calc_times": [0.003118753433227539, 0.0009098052978515625, 0.0009019374847412109, 0.0008144378662109375, 0.0009534358978271484, 0.0008530616760253906, 0.0009002685546875, 0.0008649826049804688, 0.000865936279296875, 0.0008845329284667969]}