{"comm_times": [0.935199499130249, 0.023093700408935547, 0.006948232650756836, 0.006103515625, 0.007205963134765625, 0.04110312461853027, 0.009055852890014648, 0.009172201156616211, 0.024187803268432617, 0.04617786407470703], "calc_times": [0.002974271774291992, 0.0009276866912841797, 0.0009310245513916016, 0.0008459091186523438, 0.0008094310760498047, 0.0008463859558105469, 0.0009427070617675781, 0.0009021759033203125, 0.0008378028869628906, 0.0009436607360839844]}