{"comm_times": [0.8566632270812988, 0.01764082908630371, 0.0066661834716796875, 0.00754237174987793, 0.009941816329956055, 0.03825664520263672, 0.008591651916503906, 0.0088958740234375, 0.024091482162475586, 0.04612016677856445], "calc_times": [0.0029888153076171875, 0.0009551048278808594, 0.0008940696716308594, 0.0007562637329101562, 0.0007276535034179688, 0.0008311271667480469, 0.0009238719940185547, 0.0008792877197265625, 0.0008058547973632812, 0.0009250640869140625]}