{"comm_times": [0.8333737850189209, 0.05197429656982422, 0.007335186004638672, 0.006340980529785156, 0.00780940055847168, 0.040491342544555664, 0.008945703506469727, 0.009401082992553711, 0.023082733154296875, 0.04660296440124512], "calc_times": [0.0029418468475341797, 0.0010709762573242188, 0.0008959770202636719, 0.0008127689361572266, 0.0008370876312255859, 0.0007851123809814453, 0.0009534358978271484, 0.0008921623229980469, 0.0008702278137207031, 0.0009129047393798828]}