{"comm_times": [1.116326093673706, 0.01389312744140625, 0.006335020065307617, 0.007750272750854492, 0.0071620941162109375, 0.0407412052154541, 0.008948564529418945, 0.008820295333862305, 0.023667097091674805, 0.04625344276428223], "calc_times": [0.002930879592895508, 0.0009090900421142578, 0.0008761882781982422, 0.0008187294006347656, 0.0008401870727539062, 0.0008327960968017578, 0.0009222030639648438, 0.0008666515350341797, 0.0009369850158691406, 0.0008909702301025391]}