{"comm_times": [0.6573679447174072, 0.03829526901245117, 0.007462024688720703, 0.00770878791809082, 0.006188154220581055, 0.04065299034118652, 0.010499954223632812, 0.007297992706298828, 0.023446321487426758, 0.046473026275634766], "calc_times": [0.0029764175415039062, 0.0009522438049316406, 0.0009126663208007812, 0.0008647441864013672, 0.0008950233459472656, 0.0008628368377685547, 0.0009305477142333984, 0.0009243488311767578, 0.0008921623229980469, 0.0009083747863769531]}