{"comm_times": [0.8815419673919678, 0.0068492889404296875, 0.00672149658203125, 0.007672786712646484, 0.0069310665130615234, 0.04169774055480957, 0.008970260620117188, 0.007984161376953125, 0.024183034896850586, 0.0463871955871582], "calc_times": [0.0029833316802978516, 0.0009446144104003906, 0.0008130073547363281, 0.0008401870727539062, 0.0007879734039306641, 0.0007777214050292969, 0.0009534358978271484, 0.0008075237274169922, 0.0008199214935302734, 0.0009768009185791016]}