{"comm_times": [0.8634653091430664, 0.021522045135498047, 0.006902217864990234, 0.006134748458862305, 0.007057905197143555, 0.041326045989990234, 0.008802413940429688, 0.009374380111694336, 0.02414989471435547, 0.04576373100280762], "calc_times": [0.0030252933502197266, 0.0009756088256835938, 0.0009191036224365234, 0.0008738040924072266, 0.0007979869842529297, 0.0008573532104492188, 0.0010106563568115234, 0.0008625984191894531, 0.000978231430053711, 0.0011150836944580078]}