{"comm_times": [1.0317847728729248, 0.03863668441772461, 0.008330583572387695, 0.00542449951171875, 0.007651090621948242, 0.04224514961242676, 0.00691533088684082, 0.008855342864990234, 0.02371954917907715, 0.0462496280670166], "calc_times": [0.002909421920776367, 0.000949859619140625, 0.0009586811065673828, 0.0008130073547363281, 0.0008301734924316406, 0.0008654594421386719, 0.0010280609130859375, 0.0008513927459716797, 0.0009698867797851562, 0.000980377197265625]}