{"comm_times": [0.8682119846343994, 0.01760101318359375, 0.007633686065673828, 0.005740642547607422, 0.00709080696105957, 0.040871620178222656, 0.009178400039672852, 0.008978128433227539, 0.023202180862426758, 0.04668164253234863], "calc_times": [0.0030517578125, 0.0009975433349609375, 0.0009546279907226562, 0.0008549690246582031, 0.0008647441864013672, 0.0008769035339355469, 0.0009071826934814453, 0.0008914470672607422, 0.0009403228759765625, 0.0009243488311767578]}