{"comm_times": [0.6975538730621338, 0.04478168487548828, 0.007073879241943359, 0.005676984786987305, 0.007876396179199219, 0.042500972747802734, 0.008277654647827148, 0.008893251419067383, 0.05035853385925293, 0.03513312339782715], "calc_times": [0.0029022693634033203, 0.000904083251953125, 0.0008816719055175781, 0.0007658004760742188, 0.0007460117340087891, 0.0008156299591064453, 0.0008916854858398438, 0.00081634521484375, 0.0008924007415771484, 0.0009136199951171875]}