{"comm_times": [0.9500865936279297, 0.00789499282836914, 0.0062847137451171875, 0.0076541900634765625, 0.006836414337158203, 0.04108071327209473, 0.009465694427490234, 0.007423877716064453, 0.024251222610473633, 0.046884775161743164], "calc_times": [0.003008127212524414, 0.0009140968322753906, 0.00095367431640625, 0.0010325908660888672, 0.0009009838104248047, 0.0008912086486816406, 0.0008971691131591797, 0.0009119510650634766, 0.0009217262268066406, 0.0009260177612304688]}