{"comm_times": [0.7801499366760254, 0.02144932746887207, 0.006932735443115234, 0.007094144821166992, 0.006679534912109375, 0.0416102409362793, 0.009139299392700195, 0.007945060729980469, 0.024523258209228516, 0.045459747314453125], "calc_times": [0.0030434131622314453, 0.0009655952453613281, 0.0009119510650634766, 0.0008254051208496094, 0.0008058547973632812, 0.0008504390716552734, 0.0008983612060546875, 0.0008542537689208984, 0.0008137226104736328, 0.0008912086486816406]}