{"comm_times": [1.0509939193725586, 0.015999555587768555, 0.007637977600097656, 0.006124258041381836, 0.00712895393371582, 0.04088783264160156, 0.009122610092163086, 0.008920431137084961, 0.02384185791015625, 0.04605746269226074], "calc_times": [0.0028684139251708984, 0.0009913444519042969, 0.0009222030639648438, 0.0008838176727294922, 0.0008349418640136719, 0.0008385181427001953, 0.0009396076202392578, 0.0009176731109619141, 0.0008988380432128906, 0.0010263919830322266]}