{"comm_times": [0.8756799697875977, 0.015142440795898438, 0.007526874542236328, 0.006507158279418945, 0.008530139923095703, 0.03980422019958496, 0.01029515266418457, 0.007785797119140625, 0.023610830307006836, 0.045792579650878906], "calc_times": [0.0029706954956054688, 0.0009253025054931641, 0.0008437633514404297, 0.0008285045623779297, 0.0008902549743652344, 0.0008127689361572266, 0.000919342041015625, 0.0008676052093505859, 0.0008757114410400391, 0.0008847713470458984]}