{"comm_times": [1.1030936241149902, 0.02445530891418457, 0.006837606430053711, 0.007140398025512695, 0.010234594345092773, 0.038114070892333984, 0.008249282836914062, 0.009418964385986328, 0.023740053176879883, 0.04579615592956543], "calc_times": [0.002935171127319336, 0.0009622573852539062, 0.0009183883666992188, 0.0008082389831542969, 0.0008535385131835938, 0.0009300708770751953, 0.0009045600891113281, 0.0008952617645263672, 0.0008883476257324219, 0.0009379386901855469]}