{"comm_times": [0.9364309310913086, 0.0214083194732666, 0.0067827701568603516, 0.007709980010986328, 0.009436368942260742, 0.03839278221130371, 0.008240699768066406, 0.009393692016601562, 0.024025440216064453, 0.045894622802734375], "calc_times": [0.0028886795043945312, 0.0009069442749023438, 0.0008859634399414062, 0.0008428096771240234, 0.0007901191711425781, 0.0008268356323242188, 0.0008692741394042969, 0.0008497238159179688, 0.0008921623229980469, 0.00087738037109375]}