{"comm_times": [0.8396110534667969, 0.05442690849304199, 0.00701594352722168, 0.006319999694824219, 0.007759809494018555, 0.04071235656738281, 0.00880742073059082, 0.00933074951171875, 0.023133277893066406, 0.04683971405029297], "calc_times": [0.0029344558715820312, 0.0009443759918212891, 0.0009326934814453125, 0.0008699893951416016, 0.0008380413055419922, 0.0008487701416015625, 0.0009210109710693359, 0.0009777545928955078, 0.0008771419525146484, 0.0009589195251464844]}