{"comm_times": [1.030895471572876, 0.03829503059387207, 0.007615089416503906, 0.0065212249755859375, 0.007334709167480469, 0.04384446144104004, 0.007093667984008789, 0.008549690246582031, 0.023784160614013672, 0.06201338768005371], "calc_times": [0.0031442642211914062, 0.00092315673828125, 0.0009789466857910156, 0.0008153915405273438, 0.0008149147033691406, 0.0007748603820800781, 0.0008859634399414062, 0.0007970333099365234, 0.0008320808410644531, 0.0008757114410400391]}