{"comm_times": [0.8503670692443848, 0.04076385498046875, 0.006578922271728516, 0.006210803985595703, 0.04275155067443848, 0.006043910980224609, 0.008750438690185547, 0.00952291488647461, 0.023494482040405273, 0.06237006187438965], "calc_times": [0.002915620803833008, 0.0009882450103759766, 0.0009477138519287109, 0.0008306503295898438, 0.0007748603820800781, 0.0009360313415527344, 0.0008051395416259766, 0.0008502006530761719, 0.0008471012115478516, 0.0009553432464599609]}