{"comm_times": [0.6348528861999512, 0.013065099716186523, 0.007336854934692383, 0.006900787353515625, 0.007751941680908203, 0.040543317794799805, 0.008557319641113281, 0.009443283081054688, 0.023215770721435547, 0.04662299156188965], "calc_times": [0.0029404163360595703, 0.0009381771087646484, 0.0009009838104248047, 0.0008628368377685547, 0.0008518695831298828, 0.0008575916290283203, 0.0009074211120605469, 0.0008666515350341797, 0.0008704662322998047, 0.0009188652038574219]}