{"comm_times": [0.8643403053283691, 0.019867658615112305, 0.006787776947021484, 0.007259845733642578, 0.009968757629394531, 0.0381464958190918, 0.009383916854858398, 0.008744478225708008, 0.023700952529907227, 0.045686960220336914], "calc_times": [0.0036163330078125, 0.0009391307830810547, 0.0009088516235351562, 0.0008332729339599609, 0.0008189678192138672, 0.0008404254913330078, 0.001180887222290039, 0.0009336471557617188, 0.000946044921875, 0.0009236335754394531]}