{"comm_times": [0.7112116813659668, 0.017113208770751953, 0.007012367248535156, 0.007030487060546875, 0.007672309875488281, 0.04004311561584473, 0.010044574737548828, 0.007827997207641602, 0.023090839385986328, 0.046794891357421875], "calc_times": [0.002973794937133789, 0.00093841552734375, 0.0009317398071289062, 0.0008623600006103516, 0.0009930133819580078, 0.0008969306945800781, 0.0009255409240722656, 0.0009253025054931641, 0.0008945465087890625, 0.0009419918060302734]}