{"comm_times": [0.8490824699401855, 0.03859758377075195, 0.009257316589355469, 0.004518032073974609, 0.007944345474243164, 0.043210506439208984, 0.006350040435791016, 0.009535074234008789, 0.023516416549682617, 0.06234407424926758], "calc_times": [0.0031332969665527344, 0.0010123252868652344, 0.0008881092071533203, 0.0008561611175537109, 0.0007812976837158203, 0.0008738040924072266, 0.0008759498596191406, 0.0008132457733154297, 0.0008282661437988281, 0.0009059906005859375]}