{"comm_times": [1.0702762603759766, 0.05443120002746582, 0.006981372833251953, 0.006364583969116211, 0.0077610015869140625, 0.04071187973022461, 0.008826971054077148, 0.009472846984863281, 0.02313995361328125, 0.04679417610168457], "calc_times": [0.003026247024536133, 0.00093841552734375, 0.0009458065032958984, 0.0008497238159179688, 0.0008080005645751953, 0.0008382797241210938, 0.0008935928344726562, 0.0008411407470703125, 0.000885009765625, 0.0008931159973144531]}