{"comm_times": [0.743980884552002, 0.03822135925292969, 0.006219625473022461, 0.006162166595458984, 0.008123636245727539, 0.03990435600280762, 0.008723735809326172, 0.009269952774047852, 0.023869752883911133, 0.04652261734008789], "calc_times": [0.002994537353515625, 0.0009102821350097656, 0.0009965896606445312, 0.0008950233459472656, 0.0008141994476318359, 0.0008442401885986328, 0.0009059906005859375, 0.0008559226989746094, 0.0009164810180664062, 0.0009202957153320312]}