{"comm_times": [0.7206456661224365, 0.021370887756347656, 0.006668567657470703, 0.007740497589111328, 0.009415864944458008, 0.038297414779663086, 0.00821232795715332, 0.009430885314941406, 0.0240476131439209, 0.04607081413269043], "calc_times": [0.002977132797241211, 0.0008978843688964844, 0.0009529590606689453, 0.0008299350738525391, 0.0008258819580078125, 0.0008533000946044922, 0.0008969306945800781, 0.0008270740509033203, 0.0008723735809326172, 0.0008895397186279297]}