{"comm_times": [0.8666222095489502, 0.02367544174194336, 0.006786823272705078, 0.006862640380859375, 0.006978511810302734, 0.041355133056640625, 0.008960723876953125, 0.008538961410522461, 0.024252891540527344, 0.04570412635803223], "calc_times": [0.0028700828552246094, 0.0008904933929443359, 0.0008893013000488281, 0.0009181499481201172, 0.0008432865142822266, 0.0007772445678710938, 0.0010035037994384766, 0.0008420944213867188, 0.0008544921875, 0.0009050369262695312]}