{"comm_times": [0.8353829383850098, 0.04907488822937012, 0.007620811462402344, 0.0058901309967041016, 0.007965564727783203, 0.04061484336853027, 0.008947372436523438, 0.010329008102416992, 0.022730588912963867, 0.04570889472961426], "calc_times": [0.002916097640991211, 0.0009169578552246094, 0.0009946823120117188, 0.0008032321929931641, 0.0008137226104736328, 0.0007884502410888672, 0.0009047985076904297, 0.0008435249328613281, 0.0009007453918457031, 0.0009369850158691406]}