{"comm_times": [0.7045812606811523, 0.0409395694732666, 0.007862329483032227, 0.006134748458862305, 0.007350444793701172, 0.045113325119018555, 0.004446983337402344, 0.009879827499389648, 0.023536205291748047, 0.06391429901123047], "calc_times": [0.0029973983764648438, 0.0009534358978271484, 0.0008881092071533203, 0.0008673667907714844, 0.0008251667022705078, 0.0008134841918945312, 0.0008947849273681641, 0.0007624626159667969, 0.0007684230804443359, 0.0008902549743652344]}