{"comm_times": [0.6908097267150879, 0.0048482418060302734, 0.0062673091888427734, 0.008687496185302734, 0.005909442901611328, 0.0409083366394043, 0.009481191635131836, 0.008333921432495117, 0.02425384521484375, 0.04617786407470703], "calc_times": [0.003109455108642578, 0.0009758472442626953, 0.0008113384246826172, 0.0008218288421630859, 0.0008256435394287109, 0.0008146762847900391, 0.000885009765625, 0.0008449554443359375, 0.000934600830078125, 0.0009744167327880859]}