{"comm_times": [1.114499807357788, 0.015158891677856445, 0.007437229156494141, 0.006362199783325195, 0.00850987434387207, 0.03963422775268555, 0.010339021682739258, 0.00779414176940918, 0.023663759231567383, 0.045676469802856445], "calc_times": [0.0029325485229492188, 0.0008990764617919922, 0.0009291172027587891, 0.0010023117065429688, 0.0008921623229980469, 0.0008924007415771484, 0.0009202957153320312, 0.0008606910705566406, 0.0008172988891601562, 0.0009362697601318359]}