{"comm_times": [0.8731105327606201, 0.019411802291870117, 0.007242679595947266, 0.006867408752441406, 0.007892847061157227, 0.039965152740478516, 0.010218620300292969, 0.009249448776245117, 0.021602630615234375, 0.046776771545410156], "calc_times": [0.002918720245361328, 0.0009377002716064453, 0.0008935928344726562, 0.0008344650268554688, 0.0008289813995361328, 0.0008938312530517578, 0.0009646415710449219, 0.0009019374847412109, 0.0009031295776367188, 0.0009450912475585938]}