{"comm_times": [0.014197111129760742, 0.053240060806274414, 0.007231235504150391, 0.0063838958740234375, 0.0075740814208984375, 0.040425777435302734, 0.008892297744750977, 0.009226322174072266, 0.02347850799560547, 0.04708695411682129], "calc_times": [0.002988100051879883, 0.0008640289306640625, 0.0009191036224365234, 0.0008618831634521484, 0.0007998943328857422, 0.0008378028869628906, 0.0009434223175048828, 0.0008747577667236328, 0.0008740425109863281, 0.0008893013000488281]}