{"comm_times": [1.0914928913116455, 0.00766754150390625, 0.006497621536254883, 0.00801992416381836, 0.006655454635620117, 0.04117631912231445, 0.00928640365600586, 0.007433652877807617, 0.02441883087158203, 0.04670596122741699], "calc_times": [0.002906322479248047, 0.0009219646453857422, 0.0008721351623535156, 0.0007944107055664062, 0.0009100437164306641, 0.0008952617645263672, 0.0009331703186035156, 0.0009334087371826172, 0.0008502006530761719, 0.0009348392486572266]}