{"comm_times": [1.0856115818023682, 0.040401458740234375, 0.007283449172973633, 0.006395578384399414, 0.007062673568725586, 0.042077064514160156, 0.0073070526123046875, 0.009428262710571289, 0.0240786075592041, 0.046007633209228516], "calc_times": [0.0029082298278808594, 0.0009486675262451172, 0.001043558120727539, 0.0008535385131835938, 0.0008544921875, 0.0008683204650878906, 0.0009465217590332031, 0.0008397102355957031, 0.0008292198181152344, 0.0009148120880126953]}