{"comm_times": [1.0844569206237793, 0.0408778190612793, 0.006715297698974609, 0.006174325942993164, 0.042488813400268555, 0.006215333938598633, 0.008686065673828125, 0.009482383728027344, 0.023245811462402344, 0.06240105628967285], "calc_times": [0.0029108524322509766, 0.0009055137634277344, 0.0009095668792724609, 0.0008754730224609375, 0.0008301734924316406, 0.0009541511535644531, 0.0008747577667236328, 0.0009086132049560547, 0.0009181499481201172, 0.0009343624114990234]}