{"comm_times": [0.9839296340942383, 0.043182373046875, 0.007576704025268555, 0.006177186965942383, 0.0072154998779296875, 0.04222440719604492, 0.00734400749206543, 0.009335994720458984, 0.02405524253845215, 0.04585742950439453], "calc_times": [0.0037543773651123047, 0.0008974075317382812, 0.0009722709655761719, 0.0008680820465087891, 0.0008401870727539062, 0.0007877349853515625, 0.000934600830078125, 0.0008344650268554688, 0.0009331703186035156, 0.0009975433349609375]}