{"comm_times": [0.885230302810669, 0.01909923553466797, 0.007731914520263672, 0.005592823028564453, 0.007040500640869141, 0.04108095169067383, 0.009080171585083008, 0.008779525756835938, 0.02351069450378418, 0.046248435974121094], "calc_times": [0.003083467483520508, 0.0009143352508544922, 0.0008945465087890625, 0.0010001659393310547, 0.0008437633514404297, 0.0008580684661865234, 0.0009253025054931641, 0.0008206367492675781, 0.0008671283721923828, 0.0009129047393798828]}