{"comm_times": [0.8495447635650635, 0.040425777435302734, 0.008643865585327148, 0.005196094512939453, 0.041860103607177734, 0.007106781005859375, 0.00847315788269043, 0.009516477584838867, 0.023985624313354492, 0.061296701431274414], "calc_times": [0.0031938552856445312, 0.0008938312530517578, 0.0008885860443115234, 0.0008797645568847656, 0.0008404254913330078, 0.0009317398071289062, 0.0008480548858642578, 0.0008301734924316406, 0.0008628368377685547, 0.0009000301361083984]}