{"comm_times": [1.1097631454467773, 0.0214235782623291, 0.007440805435180664, 0.006749153137207031, 0.008218050003051758, 0.0399928092956543, 0.009720325469970703, 0.007956981658935547, 0.023133039474487305, 0.046827077865600586], "calc_times": [0.0030553340911865234, 0.0009517669677734375, 0.0008823871612548828, 0.0007872581481933594, 0.0007834434509277344, 0.0008728504180908203, 0.001233816146850586, 0.0008063316345214844, 0.0008678436279296875, 0.0009472370147705078]}