{"comm_times": [0.7256255149841309, 0.040114641189575195, 0.004918575286865234, 0.005616903305053711, 0.007998466491699219, 0.040876150131225586, 0.009881973266601562, 0.008686065673828125, 0.023633480072021484, 0.06113600730895996], "calc_times": [0.002911090850830078, 0.000980377197265625, 0.0009009838104248047, 0.0009105205535888672, 0.0008459091186523438, 0.0008544921875, 0.0009686946868896484, 0.0009300708770751953, 0.0008840560913085938, 0.0009171962738037109]}