{"comm_times": [0.6914584636688232, 0.048492431640625, 0.007565975189208984, 0.005904436111450195, 0.008082866668701172, 0.04051971435546875, 0.013370275497436523, 0.005593061447143555, 0.022821426391601562, 0.04608750343322754], "calc_times": [0.0029947757720947266, 0.0008943080902099609, 0.0009174346923828125, 0.0008747577667236328, 0.0007746219635009766, 0.0008387565612792969, 0.0010268688201904297, 0.0008933544158935547, 0.0008511543273925781, 0.0009386539459228516]}