{"comm_times": [1.1102540493011475, 0.015269756317138672, 0.0062160491943359375, 0.00775146484375, 0.007030487060546875, 0.04082226753234863, 0.00889444351196289, 0.008806467056274414, 0.02371501922607422, 0.0464475154876709], "calc_times": [0.002970457077026367, 0.0009257793426513672, 0.0009055137634277344, 0.0008761882781982422, 0.0009057521820068359, 0.0008165836334228516, 0.0009140968322753906, 0.0009272098541259766, 0.0009229183197021484, 0.0009682178497314453]}