{"comm_times": [0.8472542762756348, 0.042984962463378906, 0.007645368576049805, 0.006168842315673828, 0.007126569747924805, 0.0420374870300293, 0.0075228214263916016, 0.009289264678955078, 0.023856163024902344, 0.04597210884094238], "calc_times": [0.0028777122497558594, 0.0009124279022216797, 0.0009107589721679688, 0.0008902549743652344, 0.0008778572082519531, 0.0008211135864257812, 0.0009241104125976562, 0.0008678436279296875, 0.0009703636169433594, 0.0008947849273681641]}