{"comm_times": [0.6562728881835938, 0.03830313682556152, 0.0076487064361572266, 0.006673574447631836, 0.007155179977416992, 0.04375934600830078, 0.007119894027709961, 0.008882761001586914, 0.023411035537719727, 0.062178611755371094], "calc_times": [0.0028076171875, 0.0009229183197021484, 0.0009670257568359375, 0.0008037090301513672, 0.0008203983306884766, 0.0008151531219482422, 0.0009026527404785156, 0.0007870197296142578, 0.0008559226989746094, 0.0009312629699707031]}