{"comm_times": [1.049302577972412, 0.017002105712890625, 0.0063934326171875, 0.0076940059661865234, 0.007058143615722656, 0.04079890251159668, 0.009076595306396484, 0.008713245391845703, 0.02377176284790039, 0.04702949523925781], "calc_times": [0.002938985824584961, 0.0009500980377197266, 0.0009007453918457031, 0.0008044242858886719, 0.0008461475372314453, 0.0008141994476318359, 0.0008997917175292969, 0.0008420944213867188, 0.0008544921875, 0.0009741783142089844]}