{"comm_times": [0.6155822277069092, 0.03307604789733887, 0.007697105407714844, 0.0062062740325927734, 0.007610321044921875, 0.040413618087768555, 0.008487701416015625, 0.009154558181762695, 0.024143218994140625, 0.0458528995513916], "calc_times": [0.002933025360107422, 0.0009181499481201172, 0.0008969306945800781, 0.0008749961853027344, 0.0008051395416259766, 0.0007755756378173828, 0.0009584426879882812, 0.00084686279296875, 0.0008313655853271484, 0.0009202957153320312]}