{"comm_times": [1.0903003215789795, 0.039397478103637695, 0.007309913635253906, 0.0058515071868896484, 0.0076181888580322266, 0.042067527770996094, 0.008451700210571289, 0.008531570434570312, 0.049866676330566406, 0.03541994094848633], "calc_times": [0.0029001235961914062, 0.0010333061218261719, 0.0010807514190673828, 0.000827789306640625, 0.0008172988891601562, 0.0009374618530273438, 0.000993490219116211, 0.0008792877197265625, 0.0011115074157714844, 0.0009031295776367188]}