{"comm_times": [0.8507094383239746, 0.020398616790771484, 0.0071811676025390625, 0.007118701934814453, 0.006706953048706055, 0.04142165184020996, 0.008249282836914062, 0.009418964385986328, 0.02362847328186035, 0.04585742950439453], "calc_times": [0.007767200469970703, 0.0009245872497558594, 0.0009081363677978516, 0.000865936279296875, 0.0008664131164550781, 0.0008478164672851562, 0.0009391307830810547, 0.0008039474487304688, 0.0009043216705322266, 0.0008985996246337891]}