{"comm_times": [0.8491470813751221, 0.0384676456451416, 0.006880521774291992, 0.006762027740478516, 0.007436990737915039, 0.040372610092163086, 0.009196758270263672, 0.009204626083374023, 0.022914409637451172, 0.04711031913757324], "calc_times": [0.002917766571044922, 0.0008916854858398438, 0.0009200572967529297, 0.0008404254913330078, 0.0007879734039306641, 0.0008001327514648438, 0.0009143352508544922, 0.0008568763732910156, 0.0008907318115234375, 0.0009279251098632812]}