{"comm_times": [1.0313162803649902, 0.038777828216552734, 0.007386684417724609, 0.005877017974853516, 0.007609128952026367, 0.04211616516113281, 0.009125232696533203, 0.008485555648803711, 0.050096988677978516, 0.03521442413330078], "calc_times": [0.0029180049896240234, 0.0009043216705322266, 0.0008945465087890625, 0.0007989406585693359, 0.0008151531219482422, 0.0008482933044433594, 0.000934600830078125, 0.0007908344268798828, 0.0007467269897460938, 0.0008878707885742188]}