{"comm_times": [1.0865685939788818, 0.0403132438659668, 0.008620977401733398, 0.005173683166503906, 0.04177093505859375, 0.00717926025390625, 0.008560895919799805, 0.009416580200195312, 0.023879051208496094, 0.06120753288269043], "calc_times": [0.0029230117797851562, 0.0009717941284179688, 0.0009100437164306641, 0.0009400844573974609, 0.0007877349853515625, 0.0009124279022216797, 0.0008573532104492188, 0.0009315013885498047, 0.0008912086486816406, 0.0008835792541503906]}