{"comm_times": [1.0559210777282715, 0.013022422790527344, 0.007398366928100586, 0.006754398345947266, 0.007478475570678711, 0.040668487548828125, 0.008434772491455078, 0.009281635284423828, 0.02347111701965332, 0.04681110382080078], "calc_times": [0.0029840469360351562, 0.0009653568267822266, 0.0008897781372070312, 0.0008380413055419922, 0.0009305477142333984, 0.0008709430694580078, 0.0009210109710693359, 0.0008285045623779297, 0.0007939338684082031, 0.0008878707885742188]}