{"comm_times": [0.9966199398040771, 0.015279054641723633, 0.007497072219848633, 0.006674528121948242, 0.008630037307739258, 0.039663076400756836, 0.010418176651000977, 0.0076830387115478516, 0.023730039596557617, 0.045569658279418945], "calc_times": [0.012857913970947266, 0.000911712646484375, 0.0008325576782226562, 0.0007953643798828125, 0.0007474422454833984, 0.0009057521820068359, 0.0009438991546630859, 0.0008287429809570312, 0.0007808208465576172, 0.0008847713470458984]}