{"comm_times": [0.8506183624267578, 0.03850197792053223, 0.006372928619384766, 0.00567317008972168, 0.008327484130859375, 0.04150223731994629, 0.00892019271850586, 0.008225440979003906, 0.024091482162475586, 0.06139659881591797], "calc_times": [0.00293731689453125, 0.0009212493896484375, 0.0009024143218994141, 0.0008213520050048828, 0.0009007453918457031, 0.0008292198181152344, 0.0010387897491455078, 0.0008418560028076172, 0.0008625984191894531, 0.0009357929229736328]}