{"comm_times": [1.034776210784912, 0.05006146430969238, 0.007379770278930664, 0.006321430206298828, 0.007704496383666992, 0.040154457092285156, 0.008905887603759766, 0.00945734977722168, 0.023792266845703125, 0.0463862419128418], "calc_times": [0.002811431884765625, 0.0009226799011230469, 0.0008897781372070312, 0.0008406639099121094, 0.0007793903350830078, 0.0007998943328857422, 0.0008852481842041016, 0.0008449554443359375, 0.0008418560028076172, 0.0008864402770996094]}