{"comm_times": [1.121685266494751, 0.007390499114990234, 0.0065212249755859375, 0.007843971252441406, 0.006784915924072266, 0.04110455513000488, 0.00923013687133789, 0.00821232795715332, 0.024219512939453125, 0.0463106632232666], "calc_times": [0.002925872802734375, 0.0009467601776123047, 0.00086212158203125, 0.0007977485656738281, 0.000843048095703125, 0.0008509159088134766, 0.0009140968322753906, 0.0008466243743896484, 0.0008747577667236328, 0.0009579658508300781]}