{"comm_times": [1.0162301063537598, 0.05749940872192383, 0.0072917938232421875, 0.00641632080078125, 0.007741689682006836, 0.04017519950866699, 0.008982658386230469, 0.010980606079101562, 0.021529436111450195, 0.04658246040344238], "calc_times": [0.002939462661743164, 0.0009851455688476562, 0.0009555816650390625, 0.0007998943328857422, 0.0008337497711181641, 0.0008511543273925781, 0.0009644031524658203, 0.0008876323699951172, 0.0009262561798095703, 0.0009303092956542969]}