{"comm_times": [0.8418445587158203, 0.04372692108154297, 0.007437944412231445, 0.0058689117431640625, 0.04349994659423828, 0.006016254425048828, 0.008255958557128906, 0.009397506713867188, 0.023401737213134766, 0.12001681327819824], "calc_times": [0.0029571056365966797, 0.0010116100311279297, 0.0009038448333740234, 0.00086212158203125, 0.0007939338684082031, 0.0009143352508544922, 0.0008459091186523438, 0.0008320808410644531, 0.0008676052093505859, 0.0009388923645019531]}