{"comm_times": [0.879122257232666, 0.007431983947753906, 0.006559133529663086, 0.00783848762512207, 0.006699085235595703, 0.04119610786437988, 0.009137392044067383, 0.008192300796508789, 0.024298429489135742, 0.0464930534362793], "calc_times": [0.002949953079223633, 0.000885009765625, 0.0008978843688964844, 0.0008378028869628906, 0.0008804798126220703, 0.0007655620574951172, 0.0009577274322509766, 0.0008614063262939453, 0.0008533000946044922, 0.0009133815765380859]}