{"comm_times": [0.9745564460754395, 0.03890633583068848, 0.0077822208404541016, 0.005861759185791016, 0.007344722747802734, 0.045274972915649414, 0.004465341567993164, 0.009610414505004883, 0.023406028747558594, 0.0640263557434082], "calc_times": [0.002872943878173828, 0.0020728111267089844, 0.0009741783142089844, 0.0009109973907470703, 0.0008037090301513672, 0.0007791519165039062, 0.0009253025054931641, 0.0008349418640136719, 0.0009129047393798828, 0.0009343624114990234]}