{"comm_times": [1.0520741939544678, 0.019082069396972656, 0.007574558258056641, 0.0058746337890625, 0.007143735885620117, 0.04109311103820801, 0.009058237075805664, 0.008844375610351562, 0.023420095443725586, 0.046201467514038086], "calc_times": [0.002963542938232422, 0.0009036064147949219, 0.0008890628814697266, 0.0008563995361328125, 0.0007970333099365234, 0.0008122920989990234, 0.0009586811065673828, 0.0008409023284912109, 0.0009007453918457031, 0.000911712646484375]}