{"comm_times": [1.1051232814788818, 0.023650169372558594, 0.00677943229675293, 0.006981372833251953, 0.007012367248535156, 0.041286468505859375, 0.008974552154541016, 0.008486509323120117, 0.024340391159057617, 0.04557943344116211], "calc_times": [0.002971649169921875, 0.0009102821350097656, 0.0009081363677978516, 0.0008394718170166016, 0.0008077621459960938, 0.0008411407470703125, 0.0009772777557373047, 0.0008149147033691406, 0.0008437633514404297, 0.0009224414825439453]}