{"comm_times": [0.8677012920379639, 0.02449822425842285, 0.00687098503112793, 0.00709843635559082, 0.01038360595703125, 0.03810715675354004, 0.008145570755004883, 0.009553194046020508, 0.023587703704833984, 0.045999765396118164], "calc_times": [0.002957582473754883, 0.0009608268737792969, 0.0008957386016845703, 0.00081634521484375, 0.0008294582366943359, 0.0008525848388671875, 0.0009491443634033203, 0.0008039474487304688, 0.0010669231414794922, 0.0009720325469970703]}