{"comm_times": [1.0524532794952393, 0.018074989318847656, 0.006965160369873047, 0.007131338119506836, 0.009663820266723633, 0.03820657730102539, 0.008767127990722656, 0.009043455123901367, 0.023700714111328125, 0.045680999755859375], "calc_times": [0.0029311180114746094, 0.0010044574737548828, 0.0009415149688720703, 0.0008931159973144531, 0.0008676052093505859, 0.0009341239929199219, 0.0009553432464599609, 0.0009400844573974609, 0.0009279251098632812, 0.0009448528289794922]}