{"comm_times": [0.6870791912078857, 0.041794538497924805, 0.007399320602416992, 0.005857229232788086, 0.008067607879638672, 0.04071927070617676, 0.0086212158203125, 0.0086517333984375, 0.026235580444335938, 0.043129920959472656], "calc_times": [0.0029401779174804688, 0.0009589195251464844, 0.0009002685546875, 0.0008444786071777344, 0.0007886886596679688, 0.0008380413055419922, 0.0009245872497558594, 0.0009238719940185547, 0.0009131431579589844, 0.0009214878082275391]}