{"comm_times": [1.0315251350402832, 0.03860807418823242, 0.006468534469604492, 0.005739927291870117, 0.007776975631713867, 0.041938066482543945, 0.008512735366821289, 0.008448600769042969, 0.05071306228637695, 0.034836530685424805], "calc_times": [0.0029039382934570312, 0.0011014938354492188, 0.0010218620300292969, 0.0008263587951660156, 0.0008318424224853516, 0.0008616447448730469, 0.0009827613830566406, 0.0008900165557861328, 0.0008981227874755859, 0.0010464191436767578]}