{"comm_times": [0.740231990814209, 0.01593160629272461, 0.00751495361328125, 0.006340980529785156, 0.007058143615722656, 0.04151463508605957, 0.01114511489868164, 0.025121688842773438, 0.0044193267822265625, 0.046886444091796875], "calc_times": [0.002926349639892578, 0.0008943080902099609, 0.0009169578552246094, 0.0008645057678222656, 0.0008809566497802734, 0.0008418560028076172, 0.0009372234344482422, 0.000858306884765625, 0.000911712646484375, 0.0008358955383300781]}