{"comm_times": [0.7911620140075684, 0.010843992233276367, 0.007547616958618164, 0.006557941436767578, 0.007637977600097656, 0.04056811332702637, 0.008333683013916016, 0.009398221969604492, 0.023427248001098633, 0.04652547836303711], "calc_times": [0.0029926300048828125, 0.0010094642639160156, 0.0008761882781982422, 0.0009105205535888672, 0.0010285377502441406, 0.0008504390716552734, 0.0009086132049560547, 0.0008497238159179688, 0.0008559226989746094, 0.0009105205535888672]}