{"comm_times": [1.0854198932647705, 0.04378533363342285, 0.0072994232177734375, 0.00593876838684082, 0.0432581901550293, 0.005928516387939453, 0.008276939392089844, 0.00931859016418457, 0.023300647735595703, 0.061893463134765625], "calc_times": [0.002981424331665039, 0.0009694099426269531, 0.0010187625885009766, 0.0008606910705566406, 0.0008671283721923828, 0.0010313987731933594, 0.0008983612060546875, 0.0009300708770751953, 0.0009374618530273438, 0.0009264945983886719]}