{"comm_times": [0.7711477279663086, 0.03924727439880371, 0.006468296051025391, 0.005757331848144531, 0.008254289627075195, 0.04056835174560547, 0.009818553924560547, 0.00866389274597168, 0.023180007934570312, 0.06270956993103027], "calc_times": [0.003196239471435547, 0.0008940696716308594, 0.0008940696716308594, 0.0008189678192138672, 0.0007765293121337891, 0.0008399486541748047, 0.0009913444519042969, 0.0008127689361572266, 0.0007941722869873047, 0.0008530616760253906]}