{"comm_times": [0.8819851875305176, 0.007738828659057617, 0.0066432952880859375, 0.008136510848999023, 0.006968259811401367, 0.04148077964782715, 0.00953984260559082, 0.007462978363037109, 0.024555444717407227, 0.04685497283935547], "calc_times": [0.002546548843383789, 0.0008683204650878906, 0.0007481575012207031, 0.0006597042083740234, 0.0006816387176513672, 0.0006628036499023438, 0.0008363723754882812, 0.0007493495941162109, 0.0007116794586181641, 0.0007975101470947266]}