{"comm_times": [0.7719516754150391, 0.009583234786987305, 0.0072972774505615234, 0.006886959075927734, 0.009006977081298828, 0.039176225662231445, 0.00881052017211914, 0.008976936340332031, 0.024257421493530273, 0.0459136962890625], "calc_times": [0.003031015396118164, 0.0008988380432128906, 0.0009272098541259766, 0.0008389949798583984, 0.0008478164672851562, 0.0008857250213623047, 0.0009365081787109375, 0.00092315673828125, 0.0008258819580078125, 0.0009109973907470703]}