{"comm_times": [0.05215883255004883, 0.016130685806274414, 0.0076792240142822266, 0.0062351226806640625, 0.007137775421142578, 0.04094433784484863, 0.009066104888916016, 0.008977413177490234, 0.02402973175048828, 0.04630756378173828], "calc_times": [0.0028519630432128906, 0.0009057521820068359, 0.0008590221405029297, 0.0008332729339599609, 0.0008080005645751953, 0.0007987022399902344, 0.0009543895721435547, 0.0008573532104492188, 0.0008642673492431641, 0.0009222030639648438]}