{"comm_times": [0.9182841777801514, 0.04070138931274414, 0.007542610168457031, 0.006918191909790039, 0.04131364822387695, 0.007078647613525391, 0.008488655090332031, 0.009409427642822266, 0.023641109466552734, 0.0615847110748291], "calc_times": [0.0029206275939941406, 0.0010058879852294922, 0.0009295940399169922, 0.0008294582366943359, 0.0008406639099121094, 0.0009710788726806641, 0.0008046627044677734, 0.0009479522705078125, 0.0008251667022705078, 0.00092315673828125]}