{"comm_times": [0.9217712879180908, 0.034749507904052734, 0.0076138973236083984, 0.0061032772064208984, 0.007806301116943359, 0.04025101661682129, 0.008499383926391602, 0.009124755859375, 0.02418065071105957, 0.045526742935180664], "calc_times": [0.0029020309448242188, 0.0009226799011230469, 0.0009026527404785156, 0.0008461475372314453, 0.0008311271667480469, 0.0008370876312255859, 0.0009591579437255859, 0.0008525848388671875, 0.0008091926574707031, 0.0010571479797363281]}