{"comm_times": [1.0303637981414795, 0.039893150329589844, 0.009073257446289062, 0.0049779415130615234, 0.008032798767089844, 0.04282665252685547, 0.006758928298950195, 0.009148120880126953, 0.023320913314819336, 0.06284904479980469], "calc_times": [0.0029578208923339844, 0.0009403228759765625, 0.0008924007415771484, 0.0008692741394042969, 0.0007505416870117188, 0.0007772445678710938, 0.0008881092071533203, 0.0008437633514404297, 0.000926971435546875, 0.0009343624114990234]}