{"comm_times": [0.8357968330383301, 0.05168461799621582, 0.007485866546630859, 0.006260395050048828, 0.007656574249267578, 0.04023122787475586, 0.008552789688110352, 0.009337186813354492, 0.024399280548095703, 0.04568839073181152], "calc_times": [0.0029108524322509766, 0.0009355545043945312, 0.0009593963623046875, 0.0008523464202880859, 0.0008018016815185547, 0.0008747577667236328, 0.0009682178497314453, 0.0008661746978759766, 0.0008680820465087891, 0.0009522438049316406]}