{"comm_times": [0.8221466541290283, 0.02156686782836914, 0.007166385650634766, 0.007932186126708984, 0.00678253173828125, 0.039900779724121094, 0.01016998291015625, 0.007816553115844727, 0.0231626033782959, 0.04701066017150879], "calc_times": [0.0031685829162597656, 0.0009427070617675781, 0.0008914470672607422, 0.0008490085601806641, 0.0008831024169921875, 0.0007843971252441406, 0.0009434223175048828, 0.000865936279296875, 0.0008180141448974609, 0.0009002685546875]}