{"comm_times": [1.1055049896240234, 0.02018570899963379, 0.007076263427734375, 0.0075566768646240234, 0.006605625152587891, 0.04149436950683594, 0.008116006851196289, 0.009374856948852539, 0.023708820343017578, 0.045926809310913086], "calc_times": [0.0028769969940185547, 0.0009834766387939453, 0.000873565673828125, 0.0007913112640380859, 0.0008542537689208984, 0.0007879734039306641, 0.0009119510650634766, 0.0008497238159179688, 0.0008187294006347656, 0.0008828639984130859]}