{"comm_times": [0.9417974948883057, 0.01732659339904785, 0.0072515010833740234, 0.006630897521972656, 0.007088184356689453, 0.04154062271118164, 0.010205268859863281, 0.006882667541503906, 0.023998022079467773, 0.047724246978759766], "calc_times": [0.0029761791229248047, 0.0009036064147949219, 0.0008797645568847656, 0.0007958412170410156, 0.0007889270782470703, 0.0008082389831542969, 0.0009067058563232422, 0.0008516311645507812, 0.0008261203765869141, 0.0009081363677978516]}