{"comm_times": [1.1224918365478516, 0.006403446197509766, 0.005964517593383789, 0.007803916931152344, 0.006981611251831055, 0.04123973846435547, 0.009197473526000977, 0.007559061050415039, 0.024147748947143555, 0.04685544967651367], "calc_times": [0.002995014190673828, 0.001071929931640625, 0.0013463497161865234, 0.0008089542388916016, 0.0007936954498291016, 0.0007739067077636719, 0.0009708404541015625, 0.0009162425994873047, 0.0009098052978515625, 0.0009272098541259766]}