{"comm_times": [1.0656051635742188, 0.0046482086181640625, 0.006766319274902344, 0.007911205291748047, 0.006966590881347656, 0.041068315505981445, 0.009410858154296875, 0.008226156234741211, 0.024202346801757812, 0.046434640884399414], "calc_times": [0.0029265880584716797, 0.0009131431579589844, 0.0007338523864746094, 0.0007348060607910156, 0.00074005126953125, 0.0007410049438476562, 0.0008840560913085938, 0.0008611679077148438, 0.0008504390716552734, 0.000926971435546875]}