{"comm_times": [1.081108570098877, 0.046558380126953125, 0.00728154182434082, 0.005452871322631836, 0.007769107818603516, 0.04228401184082031, 0.008541345596313477, 0.008781909942626953, 0.050171613693237305, 0.03490638732910156], "calc_times": [0.0030400753021240234, 0.0009748935699462891, 0.0009722709655761719, 0.0008990764617919922, 0.0008311271667480469, 0.0008599758148193359, 0.0008974075317382812, 0.0008900165557861328, 0.00087738037109375, 0.0009133815765380859]}