{"comm_times": [0.8727207183837891, 0.017736196517944336, 0.007770061492919922, 0.0060389041900634766, 0.007227182388305664, 0.040846824645996094, 0.010011672973632812, 0.007519960403442383, 0.024083614349365234, 0.04691052436828613], "calc_times": [0.0029430389404296875, 0.0009102821350097656, 0.0009295940399169922, 0.0008971691131591797, 0.0008296966552734375, 0.0008535385131835938, 0.0009245872497558594, 0.0009009838104248047, 0.0008199214935302734, 0.0008924007415771484]}