{"comm_times": [1.074728012084961, 0.05149555206298828, 0.007328510284423828, 0.006421327590942383, 0.007643461227416992, 0.04012131690979004, 0.008862018585205078, 0.00940847396850586, 0.023595809936523438, 0.046419382095336914], "calc_times": [0.0029249191284179688, 0.0010190010070800781, 0.0008976459503173828, 0.0008337497711181641, 0.0007817745208740234, 0.0008077621459960938, 0.0009016990661621094, 0.0008609294891357422, 0.000934600830078125, 0.0010402202606201172]}