{"comm_times": [1.1088311672210693, 0.01803135871887207, 0.007662534713745117, 0.006139516830444336, 0.0069615840911865234, 0.04116010665893555, 0.009018182754516602, 0.009119033813476562, 0.02352619171142578, 0.046282052993774414], "calc_times": [0.003869771957397461, 0.0009317398071289062, 0.0009427070617675781, 0.0008571147918701172, 0.0008573532104492188, 0.0008409023284912109, 0.0008962154388427734, 0.0009629726409912109, 0.0008642673492431641, 0.0009632110595703125]}