{"comm_times": [1.057288408279419, 0.01603078842163086, 0.007698774337768555, 0.006474494934082031, 0.007455110549926758, 0.0409088134765625, 0.011786460876464844, 0.025087356567382812, 0.0047419071197509766, 0.0470118522644043], "calc_times": [0.0031363964080810547, 0.0009639263153076172, 0.0007021427154541016, 0.0006742477416992188, 0.0007040500640869141, 0.0007460117340087891, 0.0008544921875, 0.0007495880126953125, 0.0007717609405517578, 0.0006763935089111328]}