{"comm_times": [1.0200674533843994, 0.046555280685424805, 0.006687641143798828, 0.006278276443481445, 0.04248499870300293, 0.006062030792236328, 0.008902549743652344, 0.009415864944458008, 0.02342963218688965, 0.06270074844360352], "calc_times": [0.0029234886169433594, 0.0009305477142333984, 0.0008966922760009766, 0.0007977485656738281, 0.0008099079132080078, 0.0009679794311523438, 0.0008203983306884766, 0.0008273124694824219, 0.0007979869842529297, 0.0009307861328125]}