{"comm_times": [0.8763668537139893, 0.011959552764892578, 0.007043123245239258, 0.00681614875793457, 0.007765769958496094, 0.040480613708496094, 0.008971214294433594, 0.009061813354492188, 0.0233457088470459, 0.04665875434875488], "calc_times": [0.0028095245361328125, 0.000985860824584961, 0.0011339187622070312, 0.0007693767547607422, 0.0007503032684326172, 0.0007214546203613281, 0.0008776187896728516, 0.0008111000061035156, 0.0007314682006835938, 0.0008625984191894531]}