{"comm_times": [0.8460373878479004, 0.04020571708679199, 0.007565736770629883, 0.006145000457763672, 0.007868289947509766, 0.04327130317687988, 0.006802558898925781, 0.009139299392700195, 0.023698091506958008, 0.06164741516113281], "calc_times": [0.002897500991821289, 0.0009176731109619141, 0.0008890628814697266, 0.0007963180541992188, 0.0007970333099365234, 0.0007996559143066406, 0.0009546279907226562, 0.0008654594421386719, 0.0008518695831298828, 0.0009183883666992188]}