{"comm_times": [0.9714226722717285, 0.0499570369720459, 0.0077495574951171875, 0.006864309310913086, 0.006636142730712891, 0.04053759574890137, 0.008988380432128906, 0.010417699813842773, 0.02286553382873535, 0.04579591751098633], "calc_times": [0.0031511783599853516, 0.0009388923645019531, 0.0008823871612548828, 0.0009334087371826172, 0.0008628368377685547, 0.0008304119110107422, 0.0008950233459472656, 0.0008244514465332031, 0.0008249282836914062, 0.0008568763732910156]}