{"comm_times": [0.8594849109649658, 0.014876127243041992, 0.0072820186614990234, 0.0064487457275390625, 0.008850812911987305, 0.03959059715270996, 0.010902643203735352, 0.007209300994873047, 0.02361273765563965, 0.04573845863342285], "calc_times": [0.002972841262817383, 0.0009591579437255859, 0.000911712646484375, 0.0008454322814941406, 0.0008001327514648438, 0.0008909702301025391, 0.0009202957153320312, 0.0008363723754882812, 0.0008492469787597656, 0.0009026527404785156]}