{"comm_times": [1.086733341217041, 0.03870248794555664, 0.007469892501831055, 0.005628824234008789, 0.007635831832885742, 0.042212724685668945, 0.00901937484741211, 0.00813746452331543, 0.05030035972595215, 0.0349581241607666], "calc_times": [0.002991199493408203, 0.0009398460388183594, 0.0009350776672363281, 0.0008769035339355469, 0.0008089542388916016, 0.0008795261383056641, 0.0009148120880126953, 0.0008323192596435547, 0.0008637905120849609, 0.0009586811065673828]}