{"comm_times": [1.0151400566101074, 0.04985833168029785, 0.0077190399169921875, 0.006953239440917969, 0.00658869743347168, 0.04052543640136719, 0.008930444717407227, 0.010245561599731445, 0.022865772247314453, 0.045638322830200195], "calc_times": [0.0029439926147460938, 0.0009560585021972656, 0.0009195804595947266, 0.0008914470672607422, 0.0008687973022460938, 0.0009021759033203125, 0.0009403228759765625, 0.0008919239044189453, 0.0009222030639648438, 0.0009496212005615234]}