{"comm_times": [1.106860637664795, 0.018032550811767578, 0.007460832595825195, 0.006108522415161133, 0.0072727203369140625, 0.0408475399017334, 0.009109020233154297, 0.009838581085205078, 0.022594213485717773, 0.04674243927001953], "calc_times": [0.0030639171600341797, 0.0009534358978271484, 0.0008947849273681641, 0.0008106231689453125, 0.0008175373077392578, 0.0008254051208496094, 0.0009720325469970703, 0.0008230209350585938, 0.0008573532104492188, 0.0008928775787353516]}