{"comm_times": [1.0131878852844238, 0.015282154083251953, 0.007347583770751953, 0.006498813629150391, 0.008421182632446289, 0.03963589668273926, 0.01043081283569336, 0.0077092647552490234, 0.02357196807861328, 0.045653343200683594], "calc_times": [0.002920866012573242, 0.0009560585021972656, 0.0009391307830810547, 0.0009760856628417969, 0.0009219646453857422, 0.0008726119995117188, 0.0009319782257080078, 0.0008525848388671875, 0.0008475780487060547, 0.0008642673492431641]}