{"comm_times": [0.8718278408050537, 0.01726698875427246, 0.0076749324798583984, 0.0059969425201416016, 0.007038593292236328, 0.04122591018676758, 0.009006738662719727, 0.008967876434326172, 0.02376842498779297, 0.04618358612060547], "calc_times": [0.002974987030029297, 0.0008885860443115234, 0.0008852481842041016, 0.0008785724639892578, 0.0008051395416259766, 0.0008299350738525391, 0.0009765625, 0.0008578300476074219, 0.0008394718170166016, 0.0009024143218994141]}