{"comm_times": [1.1090247631072998, 0.01838994026184082, 0.0075893402099609375, 0.006257295608520508, 0.0073239803314208984, 0.04114818572998047, 0.011788368225097656, 0.02466130256652832, 0.004646778106689453, 0.04675793647766113], "calc_times": [0.0029408931732177734, 0.0009026527404785156, 0.0009398460388183594, 0.0008375644683837891, 0.0008084774017333984, 0.0007936954498291016, 0.0008859634399414062, 0.0009548664093017578, 0.00087738037109375, 0.0008788108825683594]}