{"comm_times": [1.0669059753417969, 0.017716646194458008, 0.006990909576416016, 0.006212711334228516, 0.006886959075927734, 0.04108119010925293, 0.009260416030883789, 0.00868082046508789, 0.0242156982421875, 0.04572153091430664], "calc_times": [0.0032105445861816406, 0.000911712646484375, 0.0009169578552246094, 0.0008304119110107422, 0.0008847713470458984, 0.0008809566497802734, 0.0008921623229980469, 0.0008604526519775391, 0.000896453857421875, 0.0009210109710693359]}