{"comm_times": [0.977898359298706, 0.04310464859008789, 0.007670164108276367, 0.006116390228271484, 0.007221221923828125, 0.04207754135131836, 0.007359504699707031, 0.009318351745605469, 0.024128198623657227, 0.045833587646484375], "calc_times": [0.0029485225677490234, 0.0009090900421142578, 0.0009145736694335938, 0.0008833408355712891, 0.0008871555328369141, 0.0008864402770996094, 0.0009181499481201172, 0.0008478164672851562, 0.000835418701171875, 0.0009210109710693359]}