{"comm_times": [0.9174728393554688, 0.03909921646118164, 0.006410837173461914, 0.005687236785888672, 0.008134841918945312, 0.040543317794799805, 0.009905815124511719, 0.008589744567871094, 0.023166656494140625, 0.06244206428527832], "calc_times": [0.003148317337036133, 0.0009813308715820312, 0.0010058879852294922, 0.0008549690246582031, 0.0008637905120849609, 0.0009095668792724609, 0.0009164810180664062, 0.0008988380432128906, 0.0008096694946289062, 0.0009546279907226562]}