{"comm_times": [1.1129112243652344, 0.019367218017578125, 0.007650136947631836, 0.005956172943115234, 0.007078886032104492, 0.040875911712646484, 0.01162862777709961, 0.02494335174560547, 0.004866838455200195, 0.0465550422668457], "calc_times": [0.0029587745666503906, 0.0009524822235107422, 0.0009331703186035156, 0.0008943080902099609, 0.0008358955383300781, 0.0009057521820068359, 0.0009615421295166016, 0.0008950233459472656, 0.0009465217590332031, 0.0008480548858642578]}