{"comm_times": [1.105928659439087, 0.01937079429626465, 0.007241725921630859, 0.006941318511962891, 0.007795572280883789, 0.03997611999511719, 0.010259866714477539, 0.0077953338623046875, 0.023060321807861328, 0.04674696922302246], "calc_times": [0.002918243408203125, 0.0009071826934814453, 0.0008854866027832031, 0.0008389949798583984, 0.0008885860443115234, 0.0008423328399658203, 0.0009248256683349609, 0.0009334087371826172, 0.0008947849273681641, 0.0009326934814453125]}