{"comm_times": [1.1094470024108887, 0.016237497329711914, 0.007197856903076172, 0.0067555904388427734, 0.007163286209106445, 0.041496992111206055, 0.010018110275268555, 0.0070154666900634766, 0.0242919921875, 0.04732370376586914], "calc_times": [0.003003358840942383, 0.0009911060333251953, 0.0008985996246337891, 0.0008041858673095703, 0.0007832050323486328, 0.0007915496826171875, 0.0009157657623291016, 0.0008294582366943359, 0.0007607936859130859, 0.0008893013000488281]}