{"comm_times": [1.0252997875213623, 0.041778564453125, 0.007455110549926758, 0.0057773590087890625, 0.007976293563842773, 0.04069995880126953, 0.008603811264038086, 0.00867319107055664, 0.026304006576538086, 0.04314899444580078], "calc_times": [0.0030355453491210938, 0.0009157657623291016, 0.0009152889251708984, 0.0008871555328369141, 0.0008294582366943359, 0.0008945465087890625, 0.0009162425994873047, 0.0008983612060546875, 0.0008516311645507812, 0.0008940696716308594]}