{"comm_times": [1.0204918384552002, 0.019757986068725586, 0.006571531295776367, 0.007441282272338867, 0.009816408157348633, 0.03815627098083496, 0.008619308471679688, 0.008887529373168945, 0.024071455001831055, 0.04630327224731445], "calc_times": [0.0028901100158691406, 0.0009429454803466797, 0.0009577274322509766, 0.0008416175842285156, 0.0008690357208251953, 0.00087738037109375, 0.0009512901306152344, 0.0008957386016845703, 0.0008809566497802734, 0.0009927749633789062]}