{"comm_times": [0.731191873550415, 0.0065462589263916016, 0.006611824035644531, 0.007677555084228516, 0.006991863250732422, 0.041184186935424805, 0.009265422821044922, 0.007558107376098633, 0.024272441864013672, 0.04699230194091797], "calc_times": [0.01181173324584961, 0.0009541511535644531, 0.0007958412170410156, 0.0008575916290283203, 0.0008265972137451172, 0.0008082389831542969, 0.0008983612060546875, 0.000896453857421875, 0.0008223056793212891, 0.0008921623229980469]}