{"comm_times": [1.0173132419586182, 0.053144216537475586, 0.007264375686645508, 0.006234169006347656, 0.007712841033935547, 0.04020333290100098, 0.008993148803710938, 0.00942373275756836, 0.024424314498901367, 0.04503822326660156], "calc_times": [0.0029523372650146484, 0.0008988380432128906, 0.0009729862213134766, 0.0009303092956542969, 0.0009229183197021484, 0.0009295940399169922, 0.0009105205535888672, 0.0009448528289794922, 0.0008652210235595703, 0.0009107589721679688]}