{"comm_times": [0.701371431350708, 0.040888309478759766, 0.0076067447662353516, 0.00689387321472168, 0.04137396812438965, 0.007031440734863281, 0.008491277694702148, 0.00951695442199707, 0.02367877960205078, 0.06169271469116211], "calc_times": [0.0028841495513916016, 0.0008707046508789062, 0.0009059906005859375, 0.0008397102355957031, 0.0008757114410400391, 0.0009129047393798828, 0.0008962154388427734, 0.000820159912109375, 0.0008120536804199219, 0.0009739398956298828]}