{"comm_times": [1.030623197555542, 0.03835940361022949, 0.0074307918548583984, 0.006382465362548828, 0.007524967193603516, 0.04063820838928223, 0.010495424270629883, 0.0073010921478271484, 0.02345728874206543, 0.046395301818847656], "calc_times": [0.0029916763305664062, 0.0009047985076904297, 0.0009226799011230469, 0.0008628368377685547, 0.0008561611175537109, 0.0008230209350585938, 0.0009434223175048828, 0.0009295940399169922, 0.0009226799011230469, 0.0009496212005615234]}