{"comm_times": [1.0791897773742676, 0.05228853225708008, 0.00724339485168457, 0.0063173770904541016, 0.007819890975952148, 0.04038882255554199, 0.008881330490112305, 0.009388923645019531, 0.023108720779418945, 0.04657459259033203], "calc_times": [0.0029146671295166016, 0.0009133815765380859, 0.0009639263153076172, 0.0008459091186523438, 0.0008485317230224609, 0.0008623600006103516, 0.0009288787841796875, 0.0009338855743408203, 0.0008876323699951172, 0.0009415149688720703]}