{"comm_times": [1.06925630569458, 0.057990074157714844, 0.007365226745605469, 0.006294965744018555, 0.007562398910522461, 0.040194034576416016, 0.008888959884643555, 0.011004209518432617, 0.02158045768737793, 0.04653620719909668], "calc_times": [0.0028464794158935547, 0.0010082721710205078, 0.0010063648223876953, 0.0009472370147705078, 0.0009248256683349609, 0.0009539127349853516, 0.0009090900421142578, 0.0009100437164306641, 0.0008766651153564453, 0.0010342597961425781]}