{"comm_times": [1.089855670928955, 0.010938644409179688, 0.007382631301879883, 0.006683826446533203, 0.007784128189086914, 0.040560245513916016, 0.008429288864135742, 0.009363174438476562, 0.023496389389038086, 0.04643702507019043], "calc_times": [0.002929210662841797, 0.0009436607360839844, 0.0009071826934814453, 0.0008733272552490234, 0.0008361339569091797, 0.0008306503295898438, 0.0009059906005859375, 0.0008578300476074219, 0.0008633136749267578, 0.0009882450103759766]}