{"comm_times": [0.6832125186920166, 0.01277303695678711, 0.007299184799194336, 0.00679779052734375, 0.007680177688598633, 0.04065895080566406, 0.008222818374633789, 0.009205102920532227, 0.023372173309326172, 0.046733856201171875], "calc_times": [0.003027200698852539, 0.0010476112365722656, 0.0009160041809082031, 0.0007970333099365234, 0.0007834434509277344, 0.0008466243743896484, 0.0011339187622070312, 0.0008912086486816406, 0.0009229183197021484, 0.0009551048278808594]}