{"comm_times": [1.053823471069336, 0.01456308364868164, 0.0062639713287353516, 0.007920026779174805, 0.006983518600463867, 0.040816545486450195, 0.009000778198242188, 0.008722066879272461, 0.0238797664642334, 0.04628467559814453], "calc_times": [0.0028905868530273438, 0.0009508132934570312, 0.0008831024169921875, 0.0008065700531005859, 0.0008013248443603516, 0.0007517337799072266, 0.0010106563568115234, 0.0007584095001220703, 0.0008330345153808594, 0.0009105205535888672]}