{"comm_times": [1.0898265838623047, 0.038376569747924805, 0.007329702377319336, 0.005818843841552734, 0.007987499237060547, 0.04072880744934082, 0.009784221649169922, 0.00849294662475586, 0.02316141128540039, 0.06228351593017578], "calc_times": [0.0028274059295654297, 0.0008916854858398438, 0.0010745525360107422, 0.0008101463317871094, 0.0008482933044433594, 0.0008265972137451172, 0.0009288787841796875, 0.0009207725524902344, 0.0008738040924072266, 0.0009322166442871094]}