{"comm_times": [1.0881762504577637, 0.038628578186035156, 0.0063817501068115234, 0.005651950836181641, 0.008400678634643555, 0.04156827926635742, 0.009074687957763672, 0.008281230926513672, 0.024110078811645508, 0.06126832962036133], "calc_times": [0.002832651138305664, 0.0008883476257324219, 0.0008826255798339844, 0.0008015632629394531, 0.0008056163787841797, 0.0007941722869873047, 0.0009334087371826172, 0.0008087158203125, 0.0008015632629394531, 0.0009188652038574219]}