{"comm_times": [1.1071324348449707, 0.01729273796081543, 0.006645679473876953, 0.00719904899597168, 0.009831666946411133, 0.038085222244262695, 0.008563041687011719, 0.008925676345825195, 0.024071216583251953, 0.04599189758300781], "calc_times": [0.002988576889038086, 0.001508474349975586, 0.0009467601776123047, 0.0009756088256835938, 0.0008871555328369141, 0.0009799003601074219, 0.0009577274322509766, 0.0008697509765625, 0.0008282661437988281, 0.0009007453918457031]}