{"comm_times": [1.0418753623962402, 0.02338385581970215, 0.006916999816894531, 0.0061342716217041016, 0.006642341613769531, 0.04095053672790527, 0.009483098983764648, 0.008391380310058594, 0.024347782135009766, 0.04567289352416992], "calc_times": [0.003174304962158203, 0.0009734630584716797, 0.0009105205535888672, 0.0009000301361083984, 0.001066446304321289, 0.0008413791656494141, 0.0010132789611816406, 0.0009281635284423828, 0.0010528564453125, 0.0009119510650634766]}