{"comm_times": [1.1088244915008545, 0.01713871955871582, 0.007605791091918945, 0.006073474884033203, 0.007062673568725586, 0.041147708892822266, 0.00908803939819336, 0.00890350341796875, 0.023664236068725586, 0.046202659606933594], "calc_times": [0.0030782222747802734, 0.0010333061218261719, 0.0009274482727050781, 0.0008225440979003906, 0.0007717609405517578, 0.0008182525634765625, 0.0010046958923339844, 0.0008673667907714844, 0.0008420944213867188, 0.0009129047393798828]}