{"comm_times": [1.0500688552856445, 0.016257047653198242, 0.007882833480834961, 0.006067514419555664, 0.007175922393798828, 0.04102969169616699, 0.009917259216308594, 0.007565975189208984, 0.024171829223632812, 0.04667973518371582], "calc_times": [0.0029859542846679688, 0.0009195804595947266, 0.0008516311645507812, 0.0008957386016845703, 0.0007967948913574219, 0.0008504390716552734, 0.0009057521820068359, 0.0008797645568847656, 0.0008692741394042969, 0.0009253025054931641]}