{"comm_times": [0.9353606700897217, 0.021401166915893555, 0.006755352020263672, 0.00715327262878418, 0.0065631866455078125, 0.041532039642333984, 0.009067773818969727, 0.00793147087097168, 0.024389982223510742, 0.04535198211669922], "calc_times": [0.0031213760375976562, 0.0009834766387939453, 0.0009565353393554688, 0.0009102821350097656, 0.000888824462890625, 0.0008502006530761719, 0.001003265380859375, 0.0009186267852783203, 0.0008695125579833984, 0.0009396076202392578]}