{"comm_times": [0.8498959541320801, 0.04295182228088379, 0.007642984390258789, 0.006123781204223633, 0.007554292678833008, 0.04097580909729004, 0.008342266082763672, 0.00915670394897461, 0.025990009307861328, 0.04350543022155762], "calc_times": [0.002958059310913086, 0.0009093284606933594, 0.0010280609130859375, 0.0008566379547119141, 0.0008389949798583984, 0.0009198188781738281, 0.0009481906890869141, 0.0008652210235595703, 0.0008480548858642578, 0.0009284019470214844]}