{"comm_times": [1.013702392578125, 0.05311155319213867, 0.0071833133697509766, 0.006197214126586914, 0.007608890533447266, 0.04037809371948242, 0.008870840072631836, 0.009220600128173828, 0.023528337478637695, 0.04697775840759277], "calc_times": [0.0028650760650634766, 0.0009274482727050781, 0.0009737014770507812, 0.0009615421295166016, 0.0008227825164794922, 0.0009024143218994141, 0.0009071826934814453, 0.0008895397186279297, 0.0008525848388671875, 0.0009303092956542969]}