{"comm_times": [0.9102990627288818, 0.061276912689208984, 0.007346391677856445, 0.006425142288208008, 0.012694358825683594, 0.03530550003051758, 0.008803844451904297, 0.009064674377441406, 0.02349114418029785, 0.04608297348022461], "calc_times": [0.002985239028930664, 0.0008823871612548828, 0.00091552734375, 0.0008924007415771484, 0.0008323192596435547, 0.0009255409240722656, 0.0009663105010986328, 0.0008525848388671875, 0.0008292198181152344, 0.0008935928344726562]}