{"comm_times": [0.8328466415405273, 0.04056668281555176, 0.007364988327026367, 0.006438255310058594, 0.007117748260498047, 0.04199671745300293, 0.007497549057006836, 0.009363889694213867, 0.02403998374938965, 0.04613780975341797], "calc_times": [0.0029909610748291016, 0.0008897781372070312, 0.0009639263153076172, 0.0008449554443359375, 0.0008158683776855469, 0.0009119510650634766, 0.0008728504180908203, 0.0008268356323242188, 0.0008418560028076172, 0.0008800029754638672]}