{"comm_times": [0.8288450241088867, 0.04371213912963867, 0.007590532302856445, 0.006150245666503906, 0.04247689247131348, 0.0065765380859375, 0.008401870727539062, 0.009438037872314453, 0.02386617660522461, 0.06186962127685547], "calc_times": [0.002882719039916992, 0.000989675521850586, 0.0009284019470214844, 0.0008878707885742188, 0.0008680820465087891, 0.0009429454803466797, 0.0008308887481689453, 0.0009171962738037109, 0.0008451938629150391, 0.0009391307830810547]}