{"comm_times": [0.7561745643615723, 0.007673740386962891, 0.0067751407623291016, 0.0075795650482177734, 0.00664830207824707, 0.04186391830444336, 0.008767843246459961, 0.008130311965942383, 0.024363040924072266, 0.04652690887451172], "calc_times": [0.0030519962310791016, 0.0009088516235351562, 0.0009324550628662109, 0.0008409023284912109, 0.0008254051208496094, 0.0007836818695068359, 0.0009229183197021484, 0.0008955001831054688, 0.0008327960968017578, 0.0009288787841796875]}