{"comm_times": [1.0579898357391357, 0.00752568244934082, 0.006674051284790039, 0.007848024368286133, 0.006674289703369141, 0.041635990142822266, 0.009267330169677734, 0.007527828216552734, 0.024387121200561523, 0.04680800437927246], "calc_times": [0.0029146671295166016, 0.00093841552734375, 0.0007894039154052734, 0.0007765293121337891, 0.0008058547973632812, 0.0008099079132080078, 0.0008974075317382812, 0.0008130073547363281, 0.0007784366607666016, 0.0009434223175048828]}