{"comm_times": [1.1103742122650146, 0.020319223403930664, 0.007123708724975586, 0.007185220718383789, 0.006548404693603516, 0.04161405563354492, 0.008306503295898438, 0.009317636489868164, 0.023645877838134766, 0.04572463035583496], "calc_times": [0.0027861595153808594, 0.0009827613830566406, 0.0009233951568603516, 0.0008268356323242188, 0.0008971691131591797, 0.0008225440979003906, 0.0008971691131591797, 0.0008654594421386719, 0.0008561611175537109, 0.0009608268737792969]}