{"comm_times": [0.8375709056854248, 0.05055809020996094, 0.007523298263549805, 0.006915569305419922, 0.006463050842285156, 0.04065895080566406, 0.00895380973815918, 0.010207414627075195, 0.022763967514038086, 0.045456647872924805], "calc_times": [0.003013134002685547, 0.0009148120880126953, 0.0009872913360595703, 0.0009291172027587891, 0.0009105205535888672, 0.0008742809295654297, 0.0009450912475585938, 0.0009126663208007812, 0.0009167194366455078, 0.0010385513305664062]}