{"comm_times": [0.9417319297790527, 0.01572585105895996, 0.007268667221069336, 0.006537199020385742, 0.008731603622436523, 0.039954423904418945, 0.009927511215209961, 0.007818222045898438, 0.023326396942138672, 0.04622483253479004], "calc_times": [0.003025531768798828, 0.0009553432464599609, 0.0009253025054931641, 0.00087738037109375, 0.0008769035339355469, 0.0008921623229980469, 0.0009772777557373047, 0.0009832382202148438, 0.0008780956268310547, 0.0009620189666748047]}