{"comm_times": [0.8377630710601807, 0.05136847496032715, 0.00731968879699707, 0.0063533782958984375, 0.007567882537841797, 0.04009580612182617, 0.008955240249633789, 0.009305000305175781, 0.02369379997253418, 0.04706740379333496], "calc_times": [0.0029146671295166016, 0.0009098052978515625, 0.0009131431579589844, 0.0008914470672607422, 0.0008292198181152344, 0.0008018016815185547, 0.0009002685546875, 0.0008602142333984375, 0.0008516311645507812, 0.0009260177612304688]}