{"comm_times": [1.1078317165374756, 0.022229909896850586, 0.007055044174194336, 0.006114959716796875, 0.006957292556762695, 0.04100775718688965, 0.009366035461425781, 0.008597612380981445, 0.023946762084960938, 0.046231746673583984], "calc_times": [0.0029649734497070312, 0.0009515285491943359, 0.0009219646453857422, 0.0008597373962402344, 0.0008554458618164062, 0.0008111000061035156, 0.0009324550628662109, 0.00087738037109375, 0.0008726119995117188, 0.000888824462890625]}