{"comm_times": [1.0358917713165283, 0.04587507247924805, 0.007163286209106445, 0.005865335464477539, 0.0073413848876953125, 0.0421297550201416, 0.008430719375610352, 0.008850574493408203, 0.05040550231933594, 0.03530240058898926], "calc_times": [0.0029785633087158203, 0.0010085105895996094, 0.0009381771087646484, 0.0009195804595947266, 0.0009059906005859375, 0.0009257793426513672, 0.0009174346923828125, 0.0008714199066162109, 0.0008556842803955078, 0.0009608268737792969]}