{"comm_times": [0.8510861396789551, 0.038361549377441406, 0.0075113773345947266, 0.005770683288574219, 0.008002758026123047, 0.040694236755371094, 0.009807109832763672, 0.008603572845458984, 0.023223400115966797, 0.06243729591369629], "calc_times": [0.002926349639892578, 0.0009074211120605469, 0.0009419918060302734, 0.0008435249328613281, 0.0008499622344970703, 0.0008475780487060547, 0.0009355545043945312, 0.0008251667022705078, 0.0008335113525390625, 0.000919342041015625]}