{"comm_times": [0.7356441020965576, 0.04548215866088867, 0.007413148880004883, 0.006752967834472656, 0.006852626800537109, 0.045139312744140625, 0.0047190189361572266, 0.009316682815551758, 0.02373051643371582, 0.06313371658325195], "calc_times": [0.0029702186584472656, 0.0008885860443115234, 0.0009834766387939453, 0.0008523464202880859, 0.0008680820465087891, 0.0008335113525390625, 0.0009336471557617188, 0.0008232593536376953, 0.0008738040924072266, 0.0009446144104003906]}