{"comm_times": [0.7260379791259766, 0.015836477279663086, 0.007262229919433594, 0.006646633148193359, 0.008840560913085938, 0.039977073669433594, 0.009927988052368164, 0.007995367050170898, 0.023339271545410156, 0.04638338088989258], "calc_times": [0.0029392242431640625, 0.0008838176727294922, 0.0008757114410400391, 0.0007920265197753906, 0.0007901191711425781, 0.0008981227874755859, 0.0009167194366455078, 0.0008568763732910156, 0.0008540153503417969, 0.00089263916015625]}