{"comm_times": [1.0634007453918457, 0.038292646408081055, 0.006478071212768555, 0.006272077560424805, 0.007536649703979492, 0.0404508113861084, 0.008618831634521484, 0.009159564971923828, 0.02414560317993164, 0.04635357856750488], "calc_times": [0.0029227733612060547, 0.0009114742279052734, 0.0009357929229736328, 0.0008370876312255859, 0.0008308887481689453, 0.0008308887481689453, 0.0009226799011230469, 0.0008244514465332031, 0.0008511543273925781, 0.0009543895721435547]}