{"comm_times": [0.9467673301696777, 0.046520233154296875, 0.006695270538330078, 0.00622105598449707, 0.042655229568481445, 0.0057735443115234375, 0.008932352066040039, 0.009356498718261719, 0.023268938064575195, 0.06294631958007812], "calc_times": [0.003084421157836914, 0.0009353160858154297, 0.0009143352508544922, 0.0008254051208496094, 0.0008382797241210938, 0.0010633468627929688, 0.0007927417755126953, 0.0008370876312255859, 0.0009391307830810547, 0.0008955001831054688]}