{"comm_times": [1.0354416370391846, 0.038811683654785156, 0.00616455078125, 0.005718231201171875, 0.00797581672668457, 0.040911197662353516, 0.00985407829284668, 0.007941961288452148, 0.023163557052612305, 0.06120491027832031], "calc_times": [0.002866029739379883, 0.0009822845458984375, 0.0009191036224365234, 0.0008604526519775391, 0.0008480548858642578, 0.0008399486541748047, 0.0009248256683349609, 0.0013380050659179688, 0.0011456012725830078, 0.0012860298156738281]}