{"comm_times": [0.8725709915161133, 0.013861656188964844, 0.006204366683959961, 0.0076847076416015625, 0.008301734924316406, 0.039783477783203125, 0.008857965469360352, 0.008844137191772461, 0.023668289184570312, 0.046343088150024414], "calc_times": [0.0029752254486083984, 0.0009303092956542969, 0.0009927749633789062, 0.0008211135864257812, 0.0007855892181396484, 0.0008337497711181641, 0.0009300708770751953, 0.0008268356323242188, 0.000919342041015625, 0.0009324550628662109]}