{"comm_times": [1.0261492729187012, 0.04351091384887695, 0.007817745208740234, 0.00576472282409668, 0.007827043533325195, 0.0410151481628418, 0.009075403213500977, 0.008566617965698242, 0.026198387145996094, 0.0434114933013916], "calc_times": [0.002916574478149414, 0.0009205341339111328, 0.0009326934814453125, 0.0008647441864013672, 0.0007646083831787109, 0.0008158683776855469, 0.00093841552734375, 0.0008213520050048828, 0.0007662773132324219, 0.0009353160858154297]}