{"comm_times": [1.0805408954620361, 0.049115896224975586, 0.0076982975006103516, 0.005860090255737305, 0.007958650588989258, 0.040578603744506836, 0.008926868438720703, 0.010381460189819336, 0.022757530212402344, 0.04571342468261719], "calc_times": [0.002864837646484375, 0.0008931159973144531, 0.0008852481842041016, 0.0008826255798339844, 0.0008184909820556641, 0.0008313655853271484, 0.0008835792541503906, 0.0008287429809570312, 0.0008537769317626953, 0.0008883476257324219]}