{"comm_times": [1.1143250465393066, 0.017470359802246094, 0.007816314697265625, 0.005780220031738281, 0.007126331329345703, 0.04094886779785156, 0.009027481079101562, 0.009136199951171875, 0.023344993591308594, 0.04663228988647461], "calc_times": [0.002972126007080078, 0.0009887218475341797, 0.0008602142333984375, 0.0008497238159179688, 0.0008234977722167969, 0.0008456707000732422, 0.0009512901306152344, 0.0008196830749511719, 0.0008323192596435547, 0.0009007453918457031]}