{"comm_times": [1.0131773948669434, 0.06117749214172363, 0.0072667598724365234, 0.0065402984619140625, 0.012624979019165039, 0.03531289100646973, 0.008808612823486328, 0.009102582931518555, 0.02355813980102539, 0.04595303535461426], "calc_times": [0.0029151439666748047, 0.0009167194366455078, 0.0009870529174804688, 0.0008041858673095703, 0.0008828639984130859, 0.0009300708770751953, 0.0009207725524902344, 0.0008687973022460938, 0.0007901191711425781, 0.0009753704071044922]}