{"comm_times": [1.0537736415863037, 0.01575303077697754, 0.007520198822021484, 0.006138324737548828, 0.00751805305480957, 0.04063892364501953, 0.00943303108215332, 0.009248733520507812, 0.023118019104003906, 0.04612112045288086], "calc_times": [0.0029129981994628906, 0.0009648799896240234, 0.0008289813995361328, 0.0007615089416503906, 0.0007774829864501953, 0.0007746219635009766, 0.0009050369262695312, 0.0008568763732910156, 0.0009844303131103516, 0.0009465217590332031]}