{"comm_times": [0.9165163040161133, 0.041110992431640625, 0.007568836212158203, 0.006212711334228516, 0.007094621658325195, 0.0439143180847168, 0.00554347038269043, 0.009497642517089844, 0.023947715759277344, 0.04634904861450195], "calc_times": [0.0029137134552001953, 0.0009179115295410156, 0.0009212493896484375, 0.0008783340454101562, 0.0008480548858642578, 0.0008261203765869141, 0.0009195804595947266, 0.0007908344268798828, 0.0008275508880615234, 0.0009014606475830078]}