{"comm_times": [0.9328956604003906, 0.03780984878540039, 0.007123708724975586, 0.0063669681549072266, 0.007658243179321289, 0.040643930435180664, 0.009994268417358398, 0.008723258972167969, 0.022774219512939453, 0.06264901161193848], "calc_times": [0.002978801727294922, 0.0009512901306152344, 0.0009684562683105469, 0.0008449554443359375, 0.00079345703125, 0.0008699893951416016, 0.0008764266967773438, 0.0008952617645263672, 0.0008683204650878906, 0.0010123252868652344]}