{"comm_times": [0.8448913097381592, 0.04179739952087402, 0.007380485534667969, 0.005895137786865234, 0.00801229476928711, 0.04089832305908203, 0.009696722030639648, 0.008696794509887695, 0.023306846618652344, 0.06200385093688965], "calc_times": [0.0029761791229248047, 0.0009038448333740234, 0.0009016990661621094, 0.0008180141448974609, 0.0008578300476074219, 0.0008215904235839844, 0.0009000301361083984, 0.0008218288421630859, 0.0008027553558349609, 0.0009005069732666016]}