{"comm_times": [0.938082218170166, 0.01752614974975586, 0.007121562957763672, 0.006070613861083984, 0.006925344467163086, 0.0411229133605957, 0.009217500686645508, 0.008636951446533203, 0.024232149124145508, 0.04564309120178223], "calc_times": [0.003055572509765625, 0.0009009838104248047, 0.0009610652923583984, 0.0009989738464355469, 0.0008339881896972656, 0.0008254051208496094, 0.0009593963623046875, 0.0008912086486816406, 0.0008866786956787109, 0.0009052753448486328]}