{"comm_times": [0.9504246711730957, 0.020755290985107422, 0.007093667984008789, 0.00707244873046875, 0.006750822067260742, 0.04218482971191406, 0.007436037063598633, 0.00922393798828125, 0.023591041564941406, 0.04599428176879883], "calc_times": [0.003020048141479492, 0.0009667873382568359, 0.0009779930114746094, 0.0008842945098876953, 0.0009069442749023438, 0.0008697509765625, 0.0009427070617675781, 0.0008425712585449219, 0.0008854866027832031, 0.0009317398071289062]}