{"comm_times": [1.019381046295166, 0.045408010482788086, 0.007399082183837891, 0.006811857223510742, 0.006998538970947266, 0.045057058334350586, 0.004794597625732422, 0.009235143661499023, 0.023847103118896484, 0.06295323371887207], "calc_times": [0.002928018569946289, 0.0009484291076660156, 0.0009243488311767578, 0.0007860660552978516, 0.0008087158203125, 0.0008869171142578125, 0.0008749961853027344, 0.0008881092071533203, 0.0008137226104736328, 0.0008904933929443359]}