{"comm_times": [1.088524580001831, 0.0401005744934082, 0.0072596073150634766, 0.0060656070709228516, 0.007800102233886719, 0.04312276840209961, 0.006587982177734375, 0.009208202362060547, 0.023717880249023438, 0.06140470504760742], "calc_times": [0.0030205249786376953, 0.0010149478912353516, 0.0011620521545410156, 0.0008590221405029297, 0.0008797645568847656, 0.000934600830078125, 0.0010752677917480469, 0.0008535385131835938, 0.0008976459503173828, 0.0009202957153320312]}