{"comm_times": [1.0338428020477295, 0.03777885437011719, 0.007031679153442383, 0.006409168243408203, 0.007538318634033203, 0.040700674057006836, 0.009935379028320312, 0.00875091552734375, 0.0227353572845459, 0.06266212463378906], "calc_times": [0.0030944347381591797, 0.0009446144104003906, 0.0009875297546386719, 0.0009031295776367188, 0.000850677490234375, 0.0008728504180908203, 0.0009210109710693359, 0.0008707046508789062, 0.0008580684661865234, 0.0008826255798339844]}