{"comm_times": [0.8628659248352051, 0.02154541015625, 0.007324695587158203, 0.006646871566772461, 0.008162975311279297, 0.039992332458496094, 0.010135889053344727, 0.007835626602172852, 0.023010730743408203, 0.04697704315185547], "calc_times": [0.0032591819763183594, 0.0009598731994628906, 0.0009169578552246094, 0.0008754730224609375, 0.0008263587951660156, 0.0008633136749267578, 0.0009276866912841797, 0.0009138584136962891, 0.0008871555328369141, 0.0009086132049560547]}