{"comm_times": [1.087514877319336, 0.03814291954040527, 0.0067327022552490234, 0.006653308868408203, 0.0073854923248291016, 0.040281057357788086, 0.009120702743530273, 0.009134292602539062, 0.022845745086669922, 0.04698538780212402], "calc_times": [0.0030028820037841797, 0.0008952617645263672, 0.0014433860778808594, 0.0008966922760009766, 0.0008580684661865234, 0.0008721351623535156, 0.0009915828704833984, 0.0008788108825683594, 0.0009806156158447266, 0.0009913444519042969]}