{"comm_times": [1.0550134181976318, 0.043349504470825195, 0.007584571838378906, 0.006232500076293945, 0.007493019104003906, 0.044985055923461914, 0.004325389862060547, 0.00966334342956543, 0.02356743812561035, 0.06222414970397949], "calc_times": [0.0028619766235351562, 0.000965118408203125, 0.0009701251983642578, 0.0008332729339599609, 0.0008821487426757812, 0.0008680820465087891, 0.0010221004486083984, 0.0008292198181152344, 0.0008890628814697266, 0.0009717941284179688]}