{"comm_times": [0.8461833000183105, 0.039511919021606445, 0.007562875747680664, 0.005785942077636719, 0.007700443267822266, 0.04233121871948242, 0.00854945182800293, 0.008237600326538086, 0.05008554458618164, 0.03531479835510254], "calc_times": [0.0031309127807617188, 0.0008907318115234375, 0.0008816719055175781, 0.0008623600006103516, 0.0007517337799072266, 0.0007631778717041016, 0.0009045600891113281, 0.0011563301086425781, 0.0008537769317626953, 0.0008900165557861328]}