{"comm_times": [0.8678174018859863, 0.020338773727416992, 0.00701451301574707, 0.0075457096099853516, 0.006661176681518555, 0.04150199890136719, 0.008121013641357422, 0.00941777229309082, 0.02356719970703125, 0.046022653579711914], "calc_times": [0.0028994083404541016, 0.0008785724639892578, 0.0009200572967529297, 0.0008158683776855469, 0.0008080005645751953, 0.0007615089416503906, 0.0009145736694335938, 0.0009098052978515625, 0.0008642673492431641, 0.0008823871612548828]}