{"comm_times": [1.1150116920471191, 0.011412858963012695, 0.007319927215576172, 0.006953001022338867, 0.007619142532348633, 0.04063725471496582, 0.008481502532958984, 0.009375572204589844, 0.02334427833557129, 0.04619574546813965], "calc_times": [0.002935647964477539, 0.0009224414825439453, 0.0008594989776611328, 0.0007991790771484375, 0.0008141994476318359, 0.0007932186126708984, 0.001013040542602539, 0.0008921623229980469, 0.0008349418640136719, 0.0009291172027587891]}