{"comm_times": [1.0870108604431152, 0.041693925857543945, 0.007548809051513672, 0.005964040756225586, 0.008054018020629883, 0.040949106216430664, 0.009629964828491211, 0.008726835250854492, 0.0233304500579834, 0.061887502670288086], "calc_times": [0.0029706954956054688, 0.0008602142333984375, 0.0008807182312011719, 0.0007646083831787109, 0.0007905960083007812, 0.0007576942443847656, 0.0009763240814208984, 0.0007770061492919922, 0.0008139610290527344, 0.0008916854858398438]}