{"comm_times": [1.118894100189209, 0.006770610809326172, 0.006731271743774414, 0.007620096206665039, 0.0067789554595947266, 0.04144096374511719, 0.0086212158203125, 0.008323907852172852, 0.024140119552612305, 0.04634261131286621], "calc_times": [0.002940654754638672, 0.0010051727294921875, 0.00080108642578125, 0.0008907318115234375, 0.0009057521820068359, 0.000990152359008789, 0.0009322166442871094, 0.0008909702301025391, 0.0008611679077148438, 0.0009019374847412109]}