{"comm_times": [0.8432083129882812, 0.04210329055786133, 0.007943868637084961, 0.0058138370513916016, 0.0076253414154052734, 0.04096627235412598, 0.008400917053222656, 0.009320735931396484, 0.05949282646179199, 0.009908914566040039], "calc_times": [0.0028617382049560547, 0.0009412765502929688, 0.0008935928344726562, 0.0008435249328613281, 0.0008029937744140625, 0.0008726119995117188, 0.0009098052978515625, 0.0008523464202880859, 0.0008642673492431641, 0.0009539127349853516]}