{"comm_times": [0.8754494190216064, 0.011324644088745117, 0.007388591766357422, 0.006959199905395508, 0.007627248764038086, 0.040513038635253906, 0.008595943450927734, 0.009444713592529297, 0.02326822280883789, 0.04624462127685547], "calc_times": [0.0029354095458984375, 0.0009806156158447266, 0.0008437633514404297, 0.0008645057678222656, 0.0008485317230224609, 0.0008783340454101562, 0.0009288787841796875, 0.0008544921875, 0.0009005069732666016, 0.0009410381317138672]}