{"comm_times": [1.0513534545898438, 0.020640134811401367, 0.007193565368652344, 0.007132053375244141, 0.006188869476318359, 0.0423893928527832, 0.007479190826416016, 0.00921010971069336, 0.023601531982421875, 0.04588127136230469], "calc_times": [0.003139972686767578, 0.0010385513305664062, 0.0009250640869140625, 0.000873565673828125, 0.0011620521545410156, 0.0008344650268554688, 0.0009055137634277344, 0.0008778572082519531, 0.0008668899536132812, 0.0009815692901611328]}