{"comm_times": [0.7248742580413818, 0.017313003540039062, 0.007187604904174805, 0.0065195560455322266, 0.007158994674682617, 0.041570425033569336, 0.010223150253295898, 0.006723642349243164, 0.0240633487701416, 0.04852557182312012], "calc_times": [0.0030410289764404297, 0.0009615421295166016, 0.0008699893951416016, 0.0008392333984375, 0.0007517337799072266, 0.0007703304290771484, 0.0008976459503173828, 0.0010068416595458984, 0.0007803440093994141, 0.0009019374847412109]}