{"comm_times": [0.9058804512023926, 0.05002188682556152, 0.00732421875, 0.0063092708587646484, 0.007657289505004883, 0.040076255798339844, 0.008780717849731445, 0.009289264678955078, 0.02378106117248535, 0.046112060546875], "calc_times": [0.002880096435546875, 0.0009119510650634766, 0.0009202957153320312, 0.0008699893951416016, 0.0008461475372314453, 0.0008213520050048828, 0.0010724067687988281, 0.0008869171142578125, 0.0008914470672607422, 0.0009121894836425781]}