{"comm_times": [1.0564038753509521, 0.00953531265258789, 0.007343769073486328, 0.0068132877349853516, 0.007814407348632812, 0.04039406776428223, 0.00852823257446289, 0.009294271469116211, 0.02357649803161621, 0.04606127738952637], "calc_times": [0.0032651424407958984, 0.0009021759033203125, 0.0008993148803710938, 0.0008642673492431641, 0.0008435249328613281, 0.0008380413055419922, 0.001003265380859375, 0.0008780956268310547, 0.0009050369262695312, 0.001222372055053711]}