{"comm_times": [0.7568016052246094, 0.025124549865722656, 0.006767749786376953, 0.007221698760986328, 0.00672602653503418, 0.04141950607299805, 0.009721755981445312, 0.007702350616455078, 0.024419546127319336, 0.045540809631347656], "calc_times": [0.0031347274780273438, 0.00092315673828125, 0.0009491443634033203, 0.0008199214935302734, 0.0008647441864013672, 0.0008287429809570312, 0.0009038448333740234, 0.0008671283721923828, 0.0008356571197509766, 0.0009045600891113281]}