{"comm_times": [1.0633089542388916, 0.007603168487548828, 0.006769657135009766, 0.0075986385345458984, 0.006685733795166016, 0.04187893867492676, 0.008760452270507812, 0.008188962936401367, 0.024226665496826172, 0.04644179344177246], "calc_times": [0.0029935836791992188, 0.0009467601776123047, 0.0009112358093261719, 0.0008029937744140625, 0.0008380413055419922, 0.0007388591766357422, 0.000934600830078125, 0.0008845329284667969, 0.0009224414825439453, 0.0009212493896484375]}