{"comm_times": [0.8312957286834717, 0.05800318717956543, 0.007359027862548828, 0.0062618255615234375, 0.007616519927978516, 0.040407657623291016, 0.008899927139282227, 0.011070966720581055, 0.02159571647644043, 0.04679560661315918], "calc_times": [0.0028862953186035156, 0.0009741783142089844, 0.0009579658508300781, 0.0009467601776123047, 0.0008287429809570312, 0.0008192062377929688, 0.0008819103240966797, 0.0008511543273925781, 0.0008568763732910156, 0.0008904933929443359]}