{"comm_times": [1.0534987449645996, 0.019764184951782227, 0.006937742233276367, 0.0074803829193115234, 0.006548643112182617, 0.04147768020629883, 0.008173704147338867, 0.009346723556518555, 0.02363872528076172, 0.045981645584106445], "calc_times": [0.0030057430267333984, 0.0009164810180664062, 0.0009171962738037109, 0.0008654594421386719, 0.0008862018585205078, 0.0008230209350585938, 0.0009183883666992188, 0.0008270740509033203, 0.0008871555328369141, 0.0008966922760009766]}