{"comm_times": [0.8650085926055908, 0.0388944149017334, 0.007359504699707031, 0.005629777908325195, 0.0077478885650634766, 0.04186511039733887, 0.008524894714355469, 0.008407115936279297, 0.05078268051147461, 0.03507709503173828], "calc_times": [0.002993345260620117, 0.0009255409240722656, 0.0008914470672607422, 0.0009226799011230469, 0.000843048095703125, 0.0009162425994873047, 0.001018524169921875, 0.0008881092071533203, 0.0008833408355712891, 0.0008988380432128906]}