{"comm_times": [0.7431879043579102, 0.019795656204223633, 0.0070476531982421875, 0.007381439208984375, 0.0066375732421875, 0.041419267654418945, 0.008209705352783203, 0.009300708770751953, 0.02355027198791504, 0.04616069793701172], "calc_times": [0.0029997825622558594, 0.0009169578552246094, 0.0009019374847412109, 0.0008709430694580078, 0.0008754730224609375, 0.0008442401885986328, 0.0009028911590576172, 0.0008649826049804688, 0.0009427070617675781, 0.0009038448333740234]}