{"comm_times": [1.0821802616119385, 0.04369640350341797, 0.007508993148803711, 0.006211757659912109, 0.04238080978393555, 0.006749629974365234, 0.00833892822265625, 0.009551525115966797, 0.023742198944091797, 0.06154799461364746], "calc_times": [0.0029358863830566406, 0.0009088516235351562, 0.0009789466857910156, 0.0008051395416259766, 0.0007977485656738281, 0.0009884834289550781, 0.0008618831634521484, 0.0008382797241210938, 0.0009608268737792969, 0.0010290145874023438]}