{"comm_times": [1.00142502784729, 0.03876543045043945, 0.0071675777435302734, 0.005823850631713867, 0.0074503421783447266, 0.04231095314025879, 0.009417057037353516, 0.007867574691772461, 0.0500490665435791, 0.03554797172546387], "calc_times": [0.003002643585205078, 0.0009329319000244141, 0.0010762214660644531, 0.0008640289306640625, 0.0008788108825683594, 0.0007803440093994141, 0.0009100437164306641, 0.0011057853698730469, 0.0007829666137695312, 0.0009367465972900391]}