{"comm_times": [1.024444818496704, 0.04113054275512695, 0.008769750595092773, 0.00498509407043457, 0.04170632362365723, 0.0076711177825927734, 0.00824594497680664, 0.009571552276611328, 0.023676156997680664, 0.06139850616455078], "calc_times": [0.0030019283294677734, 0.0009241104125976562, 0.0009047985076904297, 0.0008876323699951172, 0.0007901191711425781, 0.0009057521820068359, 0.0008857250213623047, 0.0008304119110107422, 0.0008838176727294922, 0.0009450912475585938]}