{"comm_times": [1.0290839672088623, 0.038175344467163086, 0.006430387496948242, 0.006272792816162109, 0.007743358612060547, 0.04046177864074707, 0.008677005767822266, 0.00919651985168457, 0.024033546447753906, 0.04644417762756348], "calc_times": [0.002916097640991211, 0.000926971435546875, 0.0008451938629150391, 0.0008075237274169922, 0.0007948875427246094, 0.0007565021514892578, 0.0009343624114990234, 0.0008854866027832031, 0.0008394718170166016, 0.0009005069732666016]}