{"comm_times": [1.1100220680236816, 0.01973891258239746, 0.006851911544799805, 0.007256507873535156, 0.009917736053466797, 0.03804469108581543, 0.008720874786376953, 0.00914907455444336, 0.023680925369262695, 0.04580950736999512], "calc_times": [0.0029947757720947266, 0.0009698867797851562, 0.0009112358093261719, 0.0008416175842285156, 0.0008268356323242188, 0.0009162425994873047, 0.0009324550628662109, 0.0008821487426757812, 0.0008945465087890625, 0.0009672641754150391]}