{"comm_times": [0.844977855682373, 0.043407440185546875, 0.007703542709350586, 0.006229400634765625, 0.007483243942260742, 0.044986724853515625, 0.004364490509033203, 0.009699344635009766, 0.02374434471130371, 0.062313079833984375], "calc_times": [0.003087282180786133, 0.0009255409240722656, 0.0009052753448486328, 0.0008687973022460938, 0.0007889270782470703, 0.0008459091186523438, 0.0009355545043945312, 0.0007796287536621094, 0.0008592605590820312, 0.0009479522705078125]}