{"comm_times": [1.1095120906829834, 0.017642974853515625, 0.007821321487426758, 0.006111621856689453, 0.007157802581787109, 0.04102778434753418, 0.009970426559448242, 0.007519721984863281, 0.024026870727539062, 0.04668879508972168], "calc_times": [0.0029599666595458984, 0.0009493827819824219, 0.0009038448333740234, 0.0008924007415771484, 0.0008146762847900391, 0.0007910728454589844, 0.0009241104125976562, 0.0009264945983886719, 0.0008523464202880859, 0.0009393692016601562]}