{"comm_times": [0.9762775897979736, 0.017036914825439453, 0.00632023811340332, 0.007599353790283203, 0.007113933563232422, 0.040903568267822266, 0.009006977081298828, 0.008669376373291016, 0.023874759674072266, 0.04706072807312012], "calc_times": [0.0029268264770507812, 0.0009107589721679688, 0.0009725093841552734, 0.0008530616760253906, 0.0007853507995605469, 0.0007865428924560547, 0.0008950233459472656, 0.0008606910705566406, 0.0008573532104492188, 0.0009160041809082031]}