{"comm_times": [1.1079676151275635, 0.021471023559570312, 0.006864309310913086, 0.006158590316772461, 0.007056474685668945, 0.04129314422607422, 0.008948087692260742, 0.009318351745605469, 0.02407979965209961, 0.046047210693359375], "calc_times": [0.003215789794921875, 0.0010132789611816406, 0.0009200572967529297, 0.0008399486541748047, 0.0008237361907958984, 0.0008447170257568359, 0.0009191036224365234, 0.0008704662322998047, 0.0008931159973144531, 0.0009174346923828125]}