{"comm_times": [1.0189640522003174, 0.045655250549316406, 0.007299661636352539, 0.005687713623046875, 0.007686138153076172, 0.04227638244628906, 0.008435487747192383, 0.008828401565551758, 0.05037117004394531, 0.03514742851257324], "calc_times": [0.002955198287963867, 0.0009684562683105469, 0.0009682178497314453, 0.0008504390716552734, 0.0008158683776855469, 0.0008232593536376953, 0.0009357929229736328, 0.0008618831634521484, 0.0008668899536132812, 0.0009918212890625]}