{"comm_times": [0.8297157287597656, 0.014699220657348633, 0.0061151981353759766, 0.007729291915893555, 0.006879329681396484, 0.04076266288757324, 0.009199857711791992, 0.00849771499633789, 0.023973941802978516, 0.04642772674560547], "calc_times": [0.0032455921173095703, 0.0009319782257080078, 0.0009541511535644531, 0.0009503364562988281, 0.0008871555328369141, 0.0008015632629394531, 0.0008921623229980469, 0.0008440017700195312, 0.0007677078247070312, 0.0009074211120605469]}