{"comm_times": [0.9933488368988037, 0.023508310317993164, 0.006905317306518555, 0.00624847412109375, 0.006995201110839844, 0.04115939140319824, 0.009566783905029297, 0.008767366409301758, 0.024620771408081055, 0.04527544975280762], "calc_times": [0.008381128311157227, 0.0009124279022216797, 0.000885009765625, 0.0008072853088378906, 0.0007617473602294922, 0.0007498264312744141, 0.0008897781372070312, 0.0009591579437255859, 0.0008475780487060547, 0.0008912086486816406]}