{"comm_times": [0.7747447490692139, 0.0076596736907958984, 0.006719827651977539, 0.007922172546386719, 0.006677865982055664, 0.041749000549316406, 0.00926661491394043, 0.0076372623443603516, 0.024442672729492188, 0.04717373847961426], "calc_times": [0.0027832984924316406, 0.0008487701416015625, 0.0007524490356445312, 0.0007669925689697266, 0.0007390975952148438, 0.0007047653198242188, 0.0009348392486572266, 0.0007450580596923828, 0.0006949901580810547, 0.0008821487426757812]}