{"comm_times": [1.1033294200897217, 0.025820255279541016, 0.006938457489013672, 0.00715947151184082, 0.006724834442138672, 0.04154229164123535, 0.009467601776123047, 0.00805807113647461, 0.02442002296447754, 0.04573988914489746], "calc_times": [0.0028662681579589844, 0.0008726119995117188, 0.0009253025054931641, 0.0008244514465332031, 0.000797271728515625, 0.0008156299591064453, 0.0008778572082519531, 0.0008392333984375, 0.0007534027099609375, 0.0008721351623535156]}