{"comm_times": [0.9132344722747803, 0.04463386535644531, 0.0070726871490478516, 0.005579233169555664, 0.007896900177001953, 0.042653799057006836, 0.008101701736450195, 0.008851766586303711, 0.050559043884277344, 0.0348973274230957], "calc_times": [0.0028896331787109375, 0.0009984970092773438, 0.0009562969207763672, 0.0007913112640380859, 0.0007557868957519531, 0.0007116794586181641, 0.0009925365447998047, 0.0008742809295654297, 0.0007646083831787109, 0.0009829998016357422]}