{"comm_times": [1.0847749710083008, 0.0439760684967041, 0.007241487503051758, 0.005309104919433594, 0.00793766975402832, 0.04231882095336914, 0.008323192596435547, 0.008761405944824219, 0.05026841163635254, 0.03509044647216797], "calc_times": [0.003006458282470703, 0.0009241104125976562, 0.0009453296661376953, 0.0008699893951416016, 0.0008816719055175781, 0.0008711814880371094, 0.0009229183197021484, 0.0008749961853027344, 0.000972747802734375, 0.0008945465087890625]}