{"comm_times": [1.0820088386535645, 0.04291200637817383, 0.007823467254638672, 0.00611114501953125, 0.007542610168457031, 0.04101681709289551, 0.008455514907836914, 0.009206056594848633, 0.02588820457458496, 0.043457746505737305], "calc_times": [0.0030908584594726562, 0.0009198188781738281, 0.000919342041015625, 0.0008335113525390625, 0.0008356571197509766, 0.0008285045623779297, 0.0009181499481201172, 0.0008330345153808594, 0.0008945465087890625, 0.0009138584136962891]}