{"comm_times": [0.876194953918457, 0.018054962158203125, 0.007452964782714844, 0.00573277473449707, 0.0075223445892333984, 0.04057955741882324, 0.009114503860473633, 0.00977468490600586, 0.022487640380859375, 0.046805381774902344], "calc_times": [0.0029435157775878906, 0.0009486675262451172, 0.0009338855743408203, 0.001123189926147461, 0.0008492469787597656, 0.0008530616760253906, 0.0009608268737792969, 0.0009183883666992188, 0.0009121894836425781, 0.0009310245513916016]}