{"comm_times": [0.7263257503509521, 0.038646697998046875, 0.008393526077270508, 0.005477428436279297, 0.007506132125854492, 0.04217648506164551, 0.0070307254791259766, 0.008637189865112305, 0.023803234100341797, 0.04632234573364258], "calc_times": [0.002850055694580078, 0.00090789794921875, 0.0010006427764892578, 0.0008151531219482422, 0.0008912086486816406, 0.0008943080902099609, 0.0009872913360595703, 0.001003265380859375, 0.0009067058563232422, 0.0010025501251220703]}