{"comm_times": [1.0787391662597656, 0.05051374435424805, 0.0076007843017578125, 0.006929159164428711, 0.006530046463012695, 0.04067873954772949, 0.008850812911987305, 0.010355472564697266, 0.022815942764282227, 0.04541301727294922], "calc_times": [0.0028955936431884766, 0.0009262561798095703, 0.0009355545043945312, 0.0008678436279296875, 0.0009005069732666016, 0.0008840560913085938, 0.0009975433349609375, 0.0008256435394287109, 0.000926971435546875, 0.0009431838989257812]}