{"comm_times": [1.088526725769043, 0.04209303855895996, 0.0078089237213134766, 0.005794048309326172, 0.007703065872192383, 0.04114341735839844, 0.008208990097045898, 0.009360074996948242, 0.025913476943969727, 0.043456077575683594], "calc_times": [0.002969503402709961, 0.0009348392486572266, 0.0010187625885009766, 0.0008471012115478516, 0.0007371902465820312, 0.0007581710815429688, 0.0010497570037841797, 0.00080108642578125, 0.0007834434509277344, 0.0010454654693603516]}