{"comm_times": [0.8858375549316406, 0.018092870712280273, 0.00709986686706543, 0.0071218013763427734, 0.009870052337646484, 0.03820943832397461, 0.008844137191772461, 0.009039163589477539, 0.02387404441833496, 0.04581403732299805], "calc_times": [0.0030896663665771484, 0.0009334087371826172, 0.0008857250213623047, 0.0008399486541748047, 0.0008111000061035156, 0.0008447170257568359, 0.0008885860443115234, 0.0008635520935058594, 0.0008246898651123047, 0.0009245872497558594]}