{"comm_times": [0.7979984283447266, 0.0456700325012207, 0.0072383880615234375, 0.005973100662231445, 0.043355464935302734, 0.005876302719116211, 0.008210420608520508, 0.009358406066894531, 0.02337789535522461, 0.08622431755065918], "calc_times": [0.002953767776489258, 0.0009214878082275391, 0.0009205341339111328, 0.0008990764617919922, 0.0008633136749267578, 0.0010144710540771484, 0.0008480548858642578, 0.0009288787841796875, 0.0008916854858398438, 0.0009872913360595703]}