{"comm_times": [0.917180061340332, 0.03989768028259277, 0.007943153381347656, 0.005944252014160156, 0.007473945617675781, 0.04512429237365723, 0.004536628723144531, 0.00969839096069336, 0.023459434509277344, 0.06385684013366699], "calc_times": [0.0029201507568359375, 0.000934600830078125, 0.0009098052978515625, 0.0008113384246826172, 0.0007910728454589844, 0.0007975101470947266, 0.0009047985076904297, 0.0008285045623779297, 0.0008540153503417969, 0.0009555816650390625]}