{"comm_times": [1.087085485458374, 0.04097342491149902, 0.007766008377075195, 0.00619053840637207, 0.007262706756591797, 0.045113563537597656, 0.004457950592041016, 0.009702682495117188, 0.023421049118041992, 0.06357336044311523], "calc_times": [0.002993345260620117, 0.0009205341339111328, 0.0008978843688964844, 0.0008640289306640625, 0.000865936279296875, 0.0008375644683837891, 0.0009145736694335938, 0.0008606910705566406, 0.0008897781372070312, 0.0010266304016113281]}