{"comm_times": [1.035405158996582, 0.015865802764892578, 0.007481575012207031, 0.006111621856689453, 0.007386684417724609, 0.04045605659484863, 0.009441852569580078, 0.009818553924560547, 0.022624969482421875, 0.046189308166503906], "calc_times": [0.0029287338256835938, 0.0009057521820068359, 0.0008869171142578125, 0.000827789306640625, 0.0008323192596435547, 0.0009219646453857422, 0.0009074211120605469, 0.0009028911590576172, 0.000881195068359375, 0.0009076595306396484]}