{"comm_times": [0.8742341995239258, 0.013056039810180664, 0.0072786808013916016, 0.006722927093505859, 0.00780034065246582, 0.04055905342102051, 0.008457422256469727, 0.009241580963134766, 0.023264408111572266, 0.046828269958496094], "calc_times": [0.0029463768005371094, 0.0009589195251464844, 0.0009617805480957031, 0.0008139610290527344, 0.0007793903350830078, 0.0008392333984375, 0.0009608268737792969, 0.0009098052978515625, 0.0009112358093261719, 0.0009295940399169922]}