{"comm_times": [1.1143004894256592, 0.01183009147644043, 0.0074920654296875, 0.0066678524017333984, 0.0077974796295166016, 0.04043269157409668, 0.009029150009155273, 0.008842706680297852, 0.023224353790283203, 0.04658699035644531], "calc_times": [0.002869129180908203, 0.0010333061218261719, 0.0008311271667480469, 0.0008420944213867188, 0.000762939453125, 0.0007598400115966797, 0.0008628368377685547, 0.0009133815765380859, 0.0008795261383056641, 0.0009019374847412109]}