{"comm_times": [1.0253255367279053, 0.041459083557128906, 0.007537126541137695, 0.0058896541595458984, 0.008157491683959961, 0.04107785224914551, 0.009449958801269531, 0.008584260940551758, 0.023519515991210938, 0.06197071075439453], "calc_times": [0.0029840469360351562, 0.0009636878967285156, 0.0008881092071533203, 0.0008137226104736328, 0.0007202625274658203, 0.0007166862487792969, 0.0009598731994628906, 0.0008547306060791016, 0.0008296966552734375, 0.0009055137634277344]}