{"comm_times": [1.0866138935089111, 0.038702964782714844, 0.009209632873535156, 0.004480838775634766, 0.007965326309204102, 0.04304862022399902, 0.006233930587768555, 0.00951838493347168, 0.0233917236328125, 0.06211256980895996], "calc_times": [0.002981424331665039, 0.0009105205535888672, 0.0009009838104248047, 0.0008828639984130859, 0.0008456707000732422, 0.0009765625, 0.000990152359008789, 0.0008714199066162109, 0.0008883476257324219, 0.0009248256683349609]}