{"comm_times": [0.6981813907623291, 0.0576937198638916, 0.007001399993896484, 0.0063474178314208984, 0.007517337799072266, 0.04019355773925781, 0.009051322937011719, 0.011027812957763672, 0.021592378616333008, 0.04657411575317383], "calc_times": [0.0029103755950927734, 0.0009415149688720703, 0.0012078285217285156, 0.0008630752563476562, 0.0010373592376708984, 0.0008039474487304688, 0.0009241104125976562, 0.0008625984191894531, 0.0008599758148193359, 0.0009341239929199219]}