{"comm_times": [1.0421462059020996, 0.022660255432128906, 0.006910562515258789, 0.006995677947998047, 0.00960540771484375, 0.038140058517456055, 0.008157730102539062, 0.009519100189208984, 0.02380061149597168, 0.04604315757751465], "calc_times": [0.0029451847076416016, 0.0009059906005859375, 0.0009503364562988281, 0.0009059906005859375, 0.0015614032745361328, 0.000835418701171875, 0.0009138584136962891, 0.0008664131164550781, 0.0008671283721923828, 0.0008921623229980469]}