{"comm_times": [0.7234048843383789, 0.0399322509765625, 0.009173393249511719, 0.0049343109130859375, 0.007987022399902344, 0.04284024238586426, 0.007795095443725586, 0.007965564727783203, 0.02348470687866211, 0.06311678886413574], "calc_times": [0.0029621124267578125, 0.0008985996246337891, 0.0008833408355712891, 0.0008721351623535156, 0.0007779598236083984, 0.0007822513580322266, 0.0009732246398925781, 0.0008370876312255859, 0.0008075237274169922, 0.0008707046508789062]}