{"comm_times": [0.8458957672119141, 0.04667830467224121, 0.007325649261474609, 0.00549626350402832, 0.00789499282836914, 0.04233407974243164, 0.008475303649902344, 0.008731365203857422, 0.050245046615600586, 0.034970998764038086], "calc_times": [0.002866983413696289, 0.0009050369262695312, 0.0008919239044189453, 0.0008366107940673828, 0.0007567405700683594, 0.0008003711700439453, 0.0009913444519042969, 0.0009064674377441406, 0.0008547306060791016, 0.0009336471557617188]}