{"comm_times": [0.9542078971862793, 0.017748117446899414, 0.00801229476928711, 0.005548954010009766, 0.006968021392822266, 0.04078412055969238, 0.011522054672241211, 0.02529430389404297, 0.004868507385253906, 0.04657769203186035], "calc_times": [0.0029244422912597656, 0.0009171962738037109, 0.0008816719055175781, 0.0009047985076904297, 0.0008680820465087891, 0.0008270740509033203, 0.0009028911590576172, 0.0008783340454101562, 0.0009033679962158203, 0.0007991790771484375]}