{"comm_times": [0.840571403503418, 0.04400491714477539, 0.007226467132568359, 0.005321502685546875, 0.00803232192993164, 0.042372941970825195, 0.008160114288330078, 0.008828163146972656, 0.05035138130187988, 0.03521919250488281], "calc_times": [0.0030095577239990234, 0.0009212493896484375, 0.0009143352508544922, 0.0008463859558105469, 0.0008103847503662109, 0.0008716583251953125, 0.0010106563568115234, 0.0008258819580078125, 0.0009219646453857422, 0.0009405612945556641]}