{"comm_times": [0.9962730407714844, 0.05399823188781738, 0.007111072540283203, 0.006357431411743164, 0.007631778717041016, 0.04082369804382324, 0.00853419303894043, 0.009429693222045898, 0.023534297943115234, 0.04707455635070801], "calc_times": [0.002930879592895508, 0.0009055137634277344, 0.0009317398071289062, 0.0008466243743896484, 0.0008540153503417969, 0.0008306503295898438, 0.000978231430053711, 0.0009319782257080078, 0.0008699893951416016, 0.0009198188781738281]}