{"comm_times": [1.0560498237609863, 0.01338648796081543, 0.007384777069091797, 0.006664752960205078, 0.007825374603271484, 0.040490150451660156, 0.00863337516784668, 0.009176969528198242, 0.02327704429626465, 0.046770572662353516], "calc_times": [0.0038423538208007812, 0.0009362697601318359, 0.0009310245513916016, 0.0008177757263183594, 0.0007729530334472656, 0.0008156299591064453, 0.0009031295776367188, 0.0008373260498046875, 0.0008327960968017578, 0.0009021759033203125]}