{"comm_times": [1.0498697757720947, 0.017016172409057617, 0.007083415985107422, 0.0070612430572509766, 0.007842302322387695, 0.03995466232299805, 0.01011037826538086, 0.007906436920166016, 0.02310633659362793, 0.046698570251464844], "calc_times": [0.002882719039916992, 0.0009834766387939453, 0.0008990764617919922, 0.0008015632629394531, 0.0008647441864013672, 0.0008852481842041016, 0.0009279251098632812, 0.0008785724639892578, 0.0008687973022460938, 0.0009562969207763672]}