{"comm_times": [1.1155235767364502, 0.012983560562133789, 0.007333278656005859, 0.006720066070556641, 0.007724761962890625, 0.040509700775146484, 0.00858759880065918, 0.009278297424316406, 0.023370027542114258, 0.046779632568359375], "calc_times": [0.0029001235961914062, 0.0009720325469970703, 0.0009238719940185547, 0.000843048095703125, 0.0007991790771484375, 0.0008013248443603516, 0.0009224414825439453, 0.0008435249328613281, 0.0008046627044677734, 0.0009174346923828125]}