{"comm_times": [1.041785717010498, 0.02496933937072754, 0.006831645965576172, 0.0071735382080078125, 0.006834983825683594, 0.04144406318664551, 0.009572982788085938, 0.007750749588012695, 0.024508953094482422, 0.045453786849975586], "calc_times": [0.003111124038696289, 0.0010304450988769531, 0.0008900165557861328, 0.0008151531219482422, 0.0008029937744140625, 0.0008165836334228516, 0.001010894775390625, 0.0008065700531005859, 0.0007877349853515625, 0.0009455680847167969]}