{"comm_times": [1.0761370658874512, 0.051795244216918945, 0.007504701614379883, 0.0063288211822509766, 0.00769352912902832, 0.04012727737426758, 0.008669137954711914, 0.00930333137512207, 0.02379298210144043, 0.046190738677978516], "calc_times": [0.0028808116912841797, 0.0008907318115234375, 0.0009181499481201172, 0.0008368492126464844, 0.0007870197296142578, 0.0008993148803710938, 0.0009162425994873047, 0.0008780956268310547, 0.0009253025054931641, 0.0008716583251953125]}