{"comm_times": [0.7404806613922119, 0.04141068458557129, 0.0075528621673583984, 0.005806684494018555, 0.008103132247924805, 0.0409543514251709, 0.009560346603393555, 0.008554697036743164, 0.023451805114746094, 0.062090396881103516], "calc_times": [0.002927541732788086, 0.0010077953338623047, 0.0009036064147949219, 0.0008246898651123047, 0.0008215904235839844, 0.0008234977722167969, 0.0009160041809082031, 0.0008213520050048828, 0.0008165836334228516, 0.0009601116180419922]}