{"comm_times": [0.8387649059295654, 0.0372774600982666, 0.006867885589599609, 0.00588679313659668, 0.007932662963867188, 0.040956974029541016, 0.009311199188232422, 0.009261846542358398, 0.0229799747467041, 0.061684608459472656], "calc_times": [0.002922534942626953, 0.0009176731109619141, 0.0008733272552490234, 0.0007989406585693359, 0.0008082389831542969, 0.0007994174957275391, 0.0009517669677734375, 0.0008168220520019531, 0.0009098052978515625, 0.0009572505950927734]}