{"comm_times": [1.0221953392028809, 0.04561638832092285, 0.0072748661041259766, 0.006014585494995117, 0.04318428039550781, 0.006070137023925781, 0.008160114288330078, 0.009403705596923828, 0.0234835147857666, 0.06196308135986328], "calc_times": [0.002914905548095703, 0.000949859619140625, 0.0009207725524902344, 0.0008533000946044922, 0.0008661746978759766, 0.0009179115295410156, 0.00091552734375, 0.00083160400390625, 0.0009162425994873047, 0.0009434223175048828]}