{"comm_times": [0.8666136264801025, 0.022273778915405273, 0.007140398025512695, 0.005895853042602539, 0.00692439079284668, 0.04105997085571289, 0.009418010711669922, 0.008482694625854492, 0.023940563201904297, 0.04635262489318848], "calc_times": [0.0028810501098632812, 0.0009071826934814453, 0.00095367431640625, 0.0009546279907226562, 0.0008521080017089844, 0.0008330345153808594, 0.0008969306945800781, 0.0009167194366455078, 0.0008895397186279297, 0.0009195804595947266]}