{"comm_times": [1.0592503547668457, 0.022582292556762695, 0.006976604461669922, 0.0070149898529052734, 0.010304450988769531, 0.0380403995513916, 0.00811767578125, 0.009575366973876953, 0.02376842498779297, 0.04611992835998535], "calc_times": [0.002992868423461914, 0.0009908676147460938, 0.0009374618530273438, 0.0009243488311767578, 0.0009217262268066406, 0.0008983612060546875, 0.0009019374847412109, 0.0008146762847900391, 0.0009264945983886719, 0.0009298324584960938]}