{"comm_times": [0.7513289451599121, 0.01343679428100586, 0.007470846176147461, 0.0066683292388916016, 0.0078012943267822266, 0.04048633575439453, 0.008614540100097656, 0.009217262268066406, 0.0232546329498291, 0.04688310623168945], "calc_times": [0.0028116703033447266, 0.0008833408355712891, 0.0008549690246582031, 0.0008187294006347656, 0.0008039474487304688, 0.0008261203765869141, 0.0009045600891113281, 0.0008020401000976562, 0.000843048095703125, 0.0008797645568847656]}