{"comm_times": [0.9054861068725586, 0.04827570915222168, 0.007560014724731445, 0.005971431732177734, 0.00802755355834961, 0.040435791015625, 0.01342320442199707, 0.0056574344635009766, 0.022766590118408203, 0.04591703414916992], "calc_times": [0.006947994232177734, 0.0010194778442382812, 0.0009667873382568359, 0.0008015632629394531, 0.0008342266082763672, 0.0009143352508544922, 0.0009546279907226562, 0.0008876323699951172, 0.0008881092071533203, 0.0010156631469726562]}