{"comm_times": [0.7007720470428467, 0.04111027717590332, 0.0075871944427490234, 0.006222724914550781, 0.007292747497558594, 0.043853044509887695, 0.005533456802368164, 0.009454727172851562, 0.023490190505981445, 0.04632377624511719], "calc_times": [0.002844095230102539, 0.0009496212005615234, 0.0009229183197021484, 0.0008146762847900391, 0.0007917881011962891, 0.0007953643798828125, 0.0008842945098876953, 0.0008034706115722656, 0.001428842544555664, 0.0009353160858154297]}