{"comm_times": [0.8482129573822021, 0.038516998291015625, 0.0075283050537109375, 0.00631260871887207, 0.007437944412231445, 0.040595293045043945, 0.008797407150268555, 0.009001731872558594, 0.023487329483032227, 0.046497344970703125], "calc_times": [0.0031197071075439453, 0.0008804798126220703, 0.0008919239044189453, 0.0009322166442871094, 0.0008764266967773438, 0.0008227825164794922, 0.001035928726196289, 0.000881195068359375, 0.0008685588836669922, 0.0009152889251708984]}