{"comm_times": [1.012399435043335, 0.016279935836791992, 0.00782465934753418, 0.006057024002075195, 0.007102489471435547, 0.041078805923461914, 0.009956836700439453, 0.007424831390380859, 0.024197816848754883, 0.046677350997924805], "calc_times": [0.0028738975524902344, 0.0009210109710693359, 0.0008931159973144531, 0.0009438991546630859, 0.0008325576782226562, 0.0008318424224853516, 0.0009136199951171875, 0.0009369850158691406, 0.0008747577667236328, 0.0008952617645263672]}