{"comm_times": [1.0888755321502686, 0.037522315979003906, 0.007660627365112305, 0.00625300407409668, 0.007639169692993164, 0.04038715362548828, 0.010094404220581055, 0.007486104965209961, 0.02421259880065918, 0.0459446907043457], "calc_times": [0.002940654754638672, 0.0009198188781738281, 0.0009095668792724609, 0.0008275508880615234, 0.0008296966552734375, 0.0008287429809570312, 0.0009164810180664062, 0.0009047985076904297, 0.0008258819580078125, 0.0009598731994628906]}