{"comm_times": [0.8687808513641357, 0.018368244171142578, 0.00738215446472168, 0.0060880184173583984, 0.007150173187255859, 0.04095268249511719, 0.009040594100952148, 0.009282827377319336, 0.023523807525634766, 0.04638981819152832], "calc_times": [0.003096342086791992, 0.0009381771087646484, 0.0008974075317382812, 0.0009009838104248047, 0.0008020401000976562, 0.000888824462890625, 0.0009055137634277344, 0.0008373260498046875, 0.0008809566497802734, 0.0009114742279052734]}