{"comm_times": [1.0936617851257324, 0.03669261932373047, 0.007411479949951172, 0.005745649337768555, 0.007895946502685547, 0.04095602035522461, 0.009309530258178711, 0.009239673614501953, 0.02302408218383789, 0.06162571907043457], "calc_times": [0.0029036998748779297, 0.0009794235229492188, 0.0008871555328369141, 0.0008649826049804688, 0.0008397102355957031, 0.0008237361907958984, 0.0009179115295410156, 0.0008461475372314453, 0.0008661746978759766, 0.0009057521820068359]}