{"comm_times": [0.7169528007507324, 0.023276090621948242, 0.006894826889038086, 0.007707834243774414, 0.005491018295288086, 0.041138410568237305, 0.009018182754516602, 0.009212255477905273, 0.024245500564575195, 0.04628181457519531], "calc_times": [0.003188610076904297, 0.0008890628814697266, 0.0008931159973144531, 0.0008251667022705078, 0.0009241104125976562, 0.0007903575897216797, 0.0009176731109619141, 0.0008635520935058594, 0.0008366107940673828, 0.0009005069732666016]}