{"comm_times": [0.9816892147064209, 0.041202545166015625, 0.008641958236694336, 0.005017280578613281, 0.04177236557006836, 0.00758671760559082, 0.008162736892700195, 0.009567022323608398, 0.02391195297241211, 0.061432838439941406], "calc_times": [0.008505105972290039, 0.0009286403656005859, 0.0009546279907226562, 0.0008919239044189453, 0.0008192062377929688, 0.0009229183197021484, 0.0009157657623291016, 0.0008184909820556641, 0.0008721351623535156, 0.0009019374847412109]}