{"comm_times": [0.8359329700469971, 0.03864407539367676, 0.007371187210083008, 0.005644321441650391, 0.007854223251342773, 0.042253971099853516, 0.008824348449707031, 0.00808262825012207, 0.05036568641662598, 0.03507685661315918], "calc_times": [0.003084421157836914, 0.0010037422180175781, 0.001001119613647461, 0.0008680820465087891, 0.0008449554443359375, 0.0007872581481933594, 0.000949859619140625, 0.0008821487426757812, 0.0008683204650878906, 0.0008902549743652344]}