{"comm_times": [0.8503355979919434, 0.05310535430908203, 0.007306098937988281, 0.006286144256591797, 0.007953166961669922, 0.04028201103210449, 0.008868217468261719, 0.009472131729125977, 0.024319887161254883, 0.045056819915771484], "calc_times": [0.002916574478149414, 0.0009608268737792969, 0.0009241104125976562, 0.0008444786071777344, 0.0007891654968261719, 0.0008678436279296875, 0.0009975433349609375, 0.00090789794921875, 0.0009307861328125, 0.0009186267852783203]}