{"comm_times": [0.8562192916870117, 0.01630115509033203, 0.007212400436401367, 0.006842374801635742, 0.0070841312408447266, 0.041390419006347656, 0.010163068771362305, 0.006821155548095703, 0.024250507354736328, 0.04743838310241699], "calc_times": [0.002956390380859375, 0.0009303092956542969, 0.0008876323699951172, 0.0008144378662109375, 0.0008299350738525391, 0.0008232593536376953, 0.0008976459503173828, 0.0009353160858154297, 0.000858306884765625, 0.0008759498596191406]}