{"comm_times": [0.9426603317260742, 0.013054370880126953, 0.007376194000244141, 0.00677037239074707, 0.007790327072143555, 0.0404810905456543, 0.008591651916503906, 0.009336709976196289, 0.023201942443847656, 0.046364545822143555], "calc_times": [0.0028755664825439453, 0.0009369850158691406, 0.0009102821350097656, 0.00089263916015625, 0.00086212158203125, 0.0008447170257568359, 0.0008757114410400391, 0.0009279251098632812, 0.0008985996246337891, 0.0008985996246337891]}