{"comm_times": [1.014775276184082, 0.05399966239929199, 0.007124423980712891, 0.006538867950439453, 0.007533073425292969, 0.040958404541015625, 0.008567571640014648, 0.00948333740234375, 0.02349400520324707, 0.04698371887207031], "calc_times": [0.0029180049896240234, 0.00089263916015625, 0.0009038448333740234, 0.0007524490356445312, 0.0008270740509033203, 0.0007603168487548828, 0.0009245872497558594, 0.0008881092071533203, 0.0008509159088134766, 0.0008654594421386719]}