{"comm_times": [1.0680952072143555, 0.06384420394897461, 0.0075490474700927734, 0.006218671798706055, 0.007799386978149414, 0.04035758972167969, 0.00898122787475586, 0.009120702743530273, 0.023391246795654297, 0.04631376266479492], "calc_times": [0.002987384796142578, 0.000896453857421875, 0.0009059906005859375, 0.0008499622344970703, 0.0007855892181396484, 0.0008096694946289062, 0.000888824462890625, 0.0008897781372070312, 0.0008533000946044922, 0.0008902549743652344]}