{"comm_times": [0.8612046241760254, 0.025791645050048828, 0.0068933963775634766, 0.00711369514465332, 0.006639957427978516, 0.04154658317565918, 0.00936436653137207, 0.007996082305908203, 0.02429962158203125, 0.04572629928588867], "calc_times": [0.002896547317504883, 0.0009524822235107422, 0.0009334087371826172, 0.0008602142333984375, 0.0008709430694580078, 0.0008604526519775391, 0.0008921623229980469, 0.0008950233459472656, 0.0008871555328369141, 0.0009336471557617188]}