{"comm_times": [0.8674077987670898, 0.019576549530029297, 0.007565975189208984, 0.0060465335845947266, 0.007146358489990234, 0.040997982025146484, 0.012264490127563477, 0.024568796157836914, 0.0047304630279541016, 0.046816110610961914], "calc_times": [0.003162860870361328, 0.0009214878082275391, 0.0009341239929199219, 0.0008168220520019531, 0.0007736682891845703, 0.0008261203765869141, 0.0008764266967773438, 0.0008628368377685547, 0.0009288787841796875, 0.0007681846618652344]}