{"comm_times": [1.0502629280090332, 0.019503116607666016, 0.006597042083740234, 0.007364511489868164, 0.009725332260131836, 0.03816795349121094, 0.008620023727416992, 0.008826494216918945, 0.023929595947265625, 0.046189308166503906], "calc_times": [0.0028645992279052734, 0.0011434555053710938, 0.0009276866912841797, 0.0009508132934570312, 0.0008878707885742188, 0.0009071826934814453, 0.0009257793426513672, 0.0009548664093017578, 0.0009205341339111328, 0.0009212493896484375]}