{"comm_times": [0.8004488945007324, 0.043538570404052734, 0.007803916931152344, 0.005571842193603516, 0.00770258903503418, 0.04095125198364258, 0.008875131607055664, 0.008492469787597656, 0.027651071548461914, 0.0399019718170166], "calc_times": [0.0028982162475585938, 0.0009686946868896484, 0.0009813308715820312, 0.0010218620300292969, 0.0008697509765625, 0.0008990764617919922, 0.0010592937469482422, 0.0009136199951171875, 0.0009398460388183594, 0.0009136199951171875]}