{"comm_times": [0.8629131317138672, 0.021944761276245117, 0.0068247318267822266, 0.007786273956298828, 0.009218692779541016, 0.03825998306274414, 0.008361577987670898, 0.009267568588256836, 0.02407240867614746, 0.04572701454162598], "calc_times": [0.003114461898803711, 0.0009205341339111328, 0.00091552734375, 0.0008029937744140625, 0.0009052753448486328, 0.0008413791656494141, 0.0009136199951171875, 0.0008687973022460938, 0.0008907318115234375, 0.0009279251098632812]}