{"comm_times": [1.048149824142456, 0.0212404727935791, 0.007353782653808594, 0.007975578308105469, 0.006746530532836914, 0.039807796478271484, 0.010143280029296875, 0.007883787155151367, 0.023079633712768555, 0.04683637619018555], "calc_times": [0.002904653549194336, 0.0009243488311767578, 0.0009665489196777344, 0.0009024143218994141, 0.0008945465087890625, 0.0008816719055175781, 0.0009133815765380859, 0.0008602142333984375, 0.0008969306945800781, 0.0009357929229736328]}