{"comm_times": [0.8232393264770508, 0.06392669677734375, 0.007517337799072266, 0.006180763244628906, 0.007675647735595703, 0.04028511047363281, 0.009033203125, 0.00906062126159668, 0.023417949676513672, 0.04655575752258301], "calc_times": [0.0031485557556152344, 0.0009627342224121094, 0.0009109973907470703, 0.0008890628814697266, 0.0008475780487060547, 0.0008485317230224609, 0.0009343624114990234, 0.0008504390716552734, 0.0008172988891601562, 0.0008828639984130859]}