{"comm_times": [0.8760843276977539, 0.015191316604614258, 0.00620722770690918, 0.0077440738677978516, 0.007154941558837891, 0.04093289375305176, 0.008804559707641602, 0.009376287460327148, 0.023169994354248047, 0.04664897918701172], "calc_times": [0.002939939498901367, 0.0009377002716064453, 0.0009214878082275391, 0.0008554458618164062, 0.0008256435394287109, 0.0007672309875488281, 0.0009160041809082031, 0.0008306503295898438, 0.0009729862213134766, 0.0009095668792724609]}