{"comm_times": [0.8703217506408691, 0.018298625946044922, 0.007620573043823242, 0.006229400634765625, 0.007229804992675781, 0.0421605110168457, 0.010673999786376953, 0.024840116500854492, 0.0043811798095703125, 0.04710507392883301], "calc_times": [0.0033173561096191406, 0.0009987354278564453, 0.0009071826934814453, 0.0008873939514160156, 0.0008754730224609375, 0.0008256435394287109, 0.000946044921875, 0.0008909702301025391, 0.0009567737579345703, 0.0008471012115478516]}