{"comm_times": [1.111492395401001, 0.014831781387329102, 0.0072820186614990234, 0.006486177444458008, 0.008637666702270508, 0.03955221176147461, 0.010072469711303711, 0.007080793380737305, 0.02356410026550293, 0.04571938514709473], "calc_times": [0.00308990478515625, 0.0009424686431884766, 0.0009081363677978516, 0.0008783340454101562, 0.0008966922760009766, 0.0010385513305664062, 0.0013527870178222656, 0.0012078285217285156, 0.0008780956268310547, 0.00091552734375]}