{"comm_times": [0.8489727973937988, 0.03756451606750488, 0.007689714431762695, 0.006176471710205078, 0.007674694061279297, 0.04048967361450195, 0.010094165802001953, 0.0075151920318603516, 0.024256229400634766, 0.04600381851196289], "calc_times": [0.0031974315643310547, 0.0009024143218994141, 0.0008969306945800781, 0.0008318424224853516, 0.0008084774017333984, 0.0007615089416503906, 0.0009164810180664062, 0.0008957386016845703, 0.0008511543273925781, 0.0009381771087646484]}