{"comm_times": [1.0859742164611816, 0.04288744926452637, 0.007678031921386719, 0.0060079097747802734, 0.007295370101928711, 0.042064666748046875, 0.007481098175048828, 0.00930166244506836, 0.023938655853271484, 0.04592394828796387], "calc_times": [0.0029506683349609375, 0.0009274482727050781, 0.0009737014770507812, 0.0008804798126220703, 0.0007886886596679688, 0.0007877349853515625, 0.0009088516235351562, 0.0008606910705566406, 0.0008728504180908203, 0.0008993148803710938]}