{"comm_times": [0.00027441978454589844, 0.0010356903076171875, 0.0007548332214355469, 0.0006103515625, 0.0007596015930175781, 0.0007047653198242188, 0.0007221698760986328, 0.0007638931274414062, 0.0013911724090576172, 0.0008194446563720703], "calc_times": [0.009891510009765625, 0.0008029937744140625, 0.0007510185241699219, 0.0007169246673583984, 0.0006997585296630859, 0.0006544589996337891, 0.0006554126739501953, 0.0006742477416992188, 0.0006515979766845703, 0.0006682872772216797]}