{"comm_times": [0.007231950759887695, 0.0008313655853271484, 0.0007498264312744141, 0.0006945133209228516, 0.0006985664367675781, 0.0006830692291259766, 0.0007343292236328125, 0.0013148784637451172, 0.0007405281066894531, 0.0007491111755371094], "calc_times": [0.0029921531677246094, 0.0008502006530761719, 0.00072479248046875, 0.0007059574127197266, 0.0007295608520507812, 0.0006730556488037109, 0.0006854534149169922, 0.0007088184356689453, 0.0006806850433349609, 0.0006873607635498047]}