{"comm_times": [28.2333345413208, 0.027227163314819336, 0.0060770511627197266, 0.005326747894287109, 0.0060346126556396484, 0.004843473434448242, 0.005297183990478516, 0.004583120346069336, 0.005425214767456055, 0.0048465728759765625], "calc_times": [0.001020193099975586, 0.0009162425994873047, 0.0009322166442871094, 0.0008294582366943359, 0.0008327960968017578, 0.0008900165557861328, 0.0007770061492919922, 0.0007836818695068359, 0.0007832050323486328, 0.00077056884765625]}