{"comm_times": [28.238834857940674, 0.022600889205932617, 0.004032611846923828, 0.005360841751098633, 0.00665736198425293, 0.004082202911376953, 0.00571131706237793, 0.004121303558349609, 0.005181074142456055, 0.004838228225708008], "calc_times": [0.0010869503021240234, 0.0010287761688232422, 0.0009148120880126953, 0.0008151531219482422, 0.0007910728454589844, 0.0008912086486816406, 0.0007703304290771484, 0.0009295940399169922, 0.0008757114410400391, 0.0007758140563964844]}