{"comm_times": [28.242416381835938, 0.0176084041595459, 0.006125926971435547, 0.006125926971435547, 0.00509953498840332, 0.005043745040893555, 0.005870819091796875, 0.006128549575805664, 0.00432896614074707, 0.0049991607666015625], "calc_times": [0.0009150505065917969, 0.0009179115295410156, 0.0007700920104980469, 0.0007920265197753906, 0.0007188320159912109, 0.0006530284881591797, 0.000659942626953125, 0.0006477832794189453, 0.0006771087646484375, 0.0006411075592041016]}