{"comm_times": [0.36386656761169434, 0.027158737182617188, 0.0060634613037109375, 0.005359649658203125, 0.006125688552856445, 0.004994869232177734, 0.0053484439849853516, 0.0045909881591796875, 0.005425691604614258, 0.004843950271606445], "calc_times": [0.0009481906890869141, 0.0010101795196533203, 0.0009505748748779297, 0.0007898807525634766, 0.0007431507110595703, 0.0007700920104980469, 0.0007584095001220703, 0.0007472038269042969, 0.0007848739624023438, 0.0007874965667724609]}