{"comm_times": [0.36862921714782715, 0.022129535675048828, 0.0038726329803466797, 0.005491971969604492, 0.006382942199707031, 0.004036664962768555, 0.0058476924896240234, 0.004194021224975586, 0.0053293704986572266, 0.004838228225708008], "calc_times": [0.0030193328857421875, 0.000919342041015625, 0.001008749008178711, 0.000835418701171875, 0.0009026527404785156, 0.0008273124694824219, 0.0007684230804443359, 0.0008273124694824219, 0.0008177757263183594, 0.0007803440093994141]}