{"comm_times": [1.0894851684570312, 0.014347553253173828, 0.005568981170654297, 0.005807399749755859, 0.005767822265625, 0.005074739456176758, 0.00562596321105957, 0.005476713180541992, 0.0039348602294921875, 0.0044405460357666016], "calc_times": [0.0009417533874511719, 0.0010821819305419922, 0.0009138584136962891, 0.0007956027984619141, 0.0007221698760986328, 0.0007548332214355469, 0.0007083415985107422, 0.0007536411285400391, 0.0007383823394775391, 0.0007045269012451172]}