{"comm_times": [0.37673044204711914, 0.015073537826538086, 0.005560636520385742, 0.005787372589111328, 0.006189584732055664, 0.0041925907135009766, 0.005657196044921875, 0.0053975582122802734, 0.004432201385498047, 0.00484156608581543], "calc_times": [0.0012946128845214844, 0.0010378360748291016, 0.0009982585906982422, 0.0008146762847900391, 0.0008041858673095703, 0.0009455680847167969, 0.0007939338684082031, 0.0008168220520019531, 0.0008127689361572266, 0.0007920265197753906]}