{"comm_times": [1.0823290348052979, 0.018132448196411133, 0.0046079158782958984, 0.004773855209350586, 0.0069828033447265625, 0.0054204463958740234, 0.003682374954223633, 0.0043792724609375, 0.005390167236328125, 0.004929304122924805], "calc_times": [0.006868600845336914, 0.0009644031524658203, 0.0009071826934814453, 0.0008399486541748047, 0.0007691383361816406, 0.0007724761962890625, 0.0008299350738525391, 0.0007526874542236328, 0.0007092952728271484, 0.0007293224334716797]}