{"comm_times": [1.0887103080749512, 0.013193607330322266, 0.00610041618347168, 0.006096839904785156, 0.004945278167724609, 0.005730867385864258, 0.0048716068267822266, 0.005379676818847656, 0.004851341247558594, 0.005215883255004883], "calc_times": [0.0033249855041503906, 0.0009021759033203125, 0.0008707046508789062, 0.0008087158203125, 0.0007488727569580078, 0.0007588863372802734, 0.0007810592651367188, 0.0007662773132324219, 0.0007336139678955078, 0.0007944107055664062]}