{"comm_times": [0.3720829486846924, 0.017373085021972656, 0.005804300308227539, 0.006700992584228516, 0.0045659542083740234, 0.004698753356933594, 0.005652666091918945, 0.0055065155029296875, 0.004311084747314453, 0.0046999454498291016], "calc_times": [0.003019571304321289, 0.0009315013885498047, 0.0008952617645263672, 0.0008261203765869141, 0.0008778572082519531, 0.0008141994476318359, 0.0008418560028076172, 0.0008230209350585938, 0.0008325576782226562, 0.0008301734924316406]}