{"comm_times": [28.246378660202026, 0.014687538146972656, 0.005372047424316406, 0.005767345428466797, 0.006166934967041016, 0.004390239715576172, 0.005591154098510742, 0.0053522586822509766, 0.004461050033569336, 0.004706859588623047], "calc_times": [0.001238107681274414, 0.0015184879302978516, 0.0010187625885009766, 0.0009133815765380859, 0.000812530517578125, 0.0008502006530761719, 0.0008089542388916016, 0.0008420944213867188, 0.00083160400390625, 0.0007548332214355469]}