{"comm_times": [1.1004939079284668, 0.002329111099243164, 0.0059816837310791016, 0.00571751594543457, 0.00577092170715332, 0.004876136779785156, 0.005313873291015625, 0.0045299530029296875, 0.005719661712646484, 0.00457310676574707], "calc_times": [0.001081705093383789, 0.0010173320770263672, 0.0007686614990234375, 0.0008530616760253906, 0.0007867813110351562, 0.0008044242858886719, 0.0007569789886474609, 0.0007693767547607422, 0.0007431507110595703, 0.0008497238159179688]}