{"comm_times": [0.030301332473754883, 0.002411365509033203, 0.006036043167114258, 0.005802154541015625, 0.005728483200073242, 0.00496363639831543, 0.005205392837524414, 0.004418849945068359, 0.0058023929595947266, 0.004615306854248047], "calc_times": [0.002954244613647461, 0.0009658336639404297, 0.0007398128509521484, 0.0007786750793457031, 0.0008280277252197266, 0.0008242130279541016, 0.000812530517578125, 0.00077056884765625, 0.0007147789001464844, 0.0007829666137695312]}