{"comm_times": [1.0522325038909912, 0.013587474822998047, 0.005868196487426758, 0.005612850189208984, 0.005615234375, 0.005204200744628906, 0.005278348922729492, 0.005376338958740234, 0.005301475524902344, 0.0041272640228271484], "calc_times": [0.00299072265625, 0.0009472370147705078, 0.0008676052093505859, 0.0009047985076904297, 0.0008096694946289062, 0.0007617473602294922, 0.0007946491241455078, 0.0007863044738769531, 0.0007412433624267578, 0.0007679462432861328]}