{"comm_times": [0.012806892395019531, 0.02277541160583496, 0.004050731658935547, 0.005406618118286133, 0.0065860748291015625, 0.004241228103637695, 0.005601644515991211, 0.0042266845703125, 0.005308628082275391, 0.004815340042114258], "calc_times": [0.003027200698852539, 0.0008976459503173828, 0.0009071826934814453, 0.0008301734924316406, 0.0008306503295898438, 0.0008127689361572266, 0.0007536411285400391, 0.0008356571197509766, 0.0007686614990234375, 0.0007846355438232422]}