{"comm_times": [1.0551972389221191, 0.013331890106201172, 0.0062103271484375, 0.006154537200927734, 0.004923582077026367, 0.005216360092163086, 0.005446434020996094, 0.004836320877075195, 0.0053827762603759766, 0.004758119583129883], "calc_times": [0.011710166931152344, 0.0008869171142578125, 0.0008375644683837891, 0.0007929801940917969, 0.0007369518280029297, 0.0007436275482177734, 0.0007352828979492188, 0.0007565021514892578, 0.0007081031799316406, 0.0007488727569580078]}