{"comm_times": [0.008085489273071289, 0.022841930389404297, 0.007029294967651367, 0.0044956207275390625, 0.006044626235961914, 0.004793405532836914, 0.005381584167480469, 0.004485607147216797, 0.00552678108215332, 0.004793405532836914], "calc_times": [0.0029730796813964844, 0.0008060932159423828, 0.0009183883666992188, 0.0008580684661865234, 0.0008168220520019531, 0.0008542537689208984, 0.0007750988006591797, 0.0008003711700439453, 0.0007297992706298828, 0.0007696151733398438]}