{"comm_times": [0.01936483383178711, 0.014488697052001953, 0.005574464797973633, 0.005813121795654297, 0.005611419677734375, 0.0050449371337890625, 0.0055844783782958984, 0.005553722381591797, 0.004791975021362305, 0.004391908645629883], "calc_times": [0.0028994083404541016, 0.000881195068359375, 0.0009102821350097656, 0.0008070468902587891, 0.0008087158203125, 0.0007960796356201172, 0.0007500648498535156, 0.0007655620574951172, 0.0007462501525878906, 0.0007586479187011719]}