{"comm_times": [28.239720344543457, 0.021991252899169922, 0.003850221633911133, 0.005562543869018555, 0.006478786468505859, 0.0040950775146484375, 0.005764484405517578, 0.004319667816162109, 0.005383968353271484, 0.0048215389251708984], "calc_times": [0.0010440349578857422, 0.0010061264038085938, 0.0010199546813964844, 0.0008132457733154297, 0.0007936954498291016, 0.000812530517578125, 0.0007932186126708984, 0.0007598400115966797, 0.0007915496826171875, 0.0007781982421875]}