{"comm_times": [1.0618464946746826, 0.002992868423461914, 0.0056743621826171875, 0.005648136138916016, 0.0061147212982177734, 0.004565000534057617, 0.005502462387084961, 0.0044918060302734375, 0.005511045455932617, 0.004664182662963867], "calc_times": [0.0030395984649658203, 0.0009601116180419922, 0.0008137226104736328, 0.000812530517578125, 0.0008218288421630859, 0.0008141994476318359, 0.0007426738739013672, 0.0008289813995361328, 0.0007841587066650391, 0.0007674694061279297]}