{"comm_times": [0.01677417755126953, 0.01448369026184082, 0.005863189697265625, 0.006037235260009766, 0.005872488021850586, 0.00479888916015625, 0.0056226253509521484, 0.005311727523803711, 0.0048370361328125, 0.004806995391845703], "calc_times": [0.002958536148071289, 0.0008313655853271484, 0.0008189678192138672, 0.0007653236389160156, 0.0007612705230712891, 0.0007183551788330078, 0.0007867813110351562, 0.0007512569427490234, 0.0007443428039550781, 0.0007393360137939453]}