{"comm_times": [0.015781164169311523, 0.017647981643676758, 0.005950450897216797, 0.006171226501464844, 0.005198001861572266, 0.00473332405090332, 0.005638837814331055, 0.006032705307006836, 0.004151821136474609, 0.004695415496826172], "calc_times": [0.0031442642211914062, 0.0008845329284667969, 0.0008792877197265625, 0.000797271728515625, 0.0008285045623779297, 0.0007686614990234375, 0.0007915496826171875, 0.0008113384246826172, 0.0007863044738769531, 0.0007443428039550781]}