{"comm_times": [1.060448408126831, 0.01856088638305664, 0.004998683929443359, 0.004842996597290039, 0.006595134735107422, 0.0046634674072265625, 0.004723787307739258, 0.004018306732177734, 0.005510568618774414, 0.004522800445556641], "calc_times": [0.002926349639892578, 0.0009126663208007812, 0.0008916854858398438, 0.0008769035339355469, 0.0008287429809570312, 0.0009267330169677734, 0.0007634162902832031, 0.0007963180541992188, 0.0007901191711425781, 0.0008022785186767578]}