{"comm_times": [0.015394449234008789, 0.01824188232421875, 0.004632234573364258, 0.00545048713684082, 0.0062520503997802734, 0.0054302215576171875, 0.003754138946533203, 0.00416874885559082, 0.005227327346801758, 0.004870891571044922], "calc_times": [0.004307985305786133, 0.0008876323699951172, 0.0009353160858154297, 0.0008411407470703125, 0.0008420944213867188, 0.0007984638214111328, 0.0008361339569091797, 0.0008208751678466797, 0.0007772445678710938, 0.0007474422454833984]}