{"comm_times": [0.019594907760620117, 0.013308286666870117, 0.006133317947387695, 0.006051540374755859, 0.004790306091308594, 0.0056378841400146484, 0.004916191101074219, 0.005449771881103516, 0.004800558090209961, 0.005162239074707031], "calc_times": [0.0030889511108398438, 0.0008833408355712891, 0.0008707046508789062, 0.0008859634399414062, 0.0007963180541992188, 0.0007784366607666016, 0.0007512569427490234, 0.0007541179656982422, 0.0007865428924560547, 0.0007944107055664062]}