{"comm_times": [28.243871927261353, 0.017209529876708984, 0.005707979202270508, 0.006667613983154297, 0.004535675048828125, 0.004700899124145508, 0.00565338134765625, 0.005604982376098633, 0.004281282424926758, 0.00473332405090332], "calc_times": [0.0009670257568359375, 0.0010066032409667969, 0.0009515285491943359, 0.0008556842803955078, 0.0008692741394042969, 0.0008580684661865234, 0.0008029937744140625, 0.0007770061492919922, 0.0008842945098876953, 0.0007824897766113281]}