{"comm_times": [28.2568838596344, 0.0028901100158691406, 0.005702972412109375, 0.005561113357543945, 0.00617671012878418, 0.004589557647705078, 0.005300283432006836, 0.004502058029174805, 0.005608081817626953, 0.004523277282714844], "calc_times": [0.00131988525390625, 0.0010123252868652344, 0.0008184909820556641, 0.0008270740509033203, 0.0007967948913574219, 0.0008342266082763672, 0.0008914470672607422, 0.0008077621459960938, 0.0007395744323730469, 0.0008852481842041016]}