{"comm_times": [28.2475106716156, 0.01354360580444336, 0.005753278732299805, 0.005614280700683594, 0.005449056625366211, 0.00509953498840332, 0.0051686763763427734, 0.005257844924926758, 0.005032777786254883, 0.004368305206298828], "calc_times": [0.0012078285217285156, 0.0009601116180419922, 0.00093841552734375, 0.0009424686431884766, 0.0008885860443115234, 0.0008714199066162109, 0.0009815692901611328, 0.0008518695831298828, 0.0008378028869628906, 0.0008077621459960938]}