{"comm_times": [28.242950439453125, 0.018503665924072266, 0.004973649978637695, 0.0048749446868896484, 0.006760120391845703, 0.0047872066497802734, 0.004799842834472656, 0.004074573516845703, 0.005613565444946289, 0.004580974578857422], "calc_times": [0.0010480880737304688, 0.000934600830078125, 0.0009043216705322266, 0.0007982254028320312, 0.0007250308990478516, 0.0008282661437988281, 0.0007193088531494141, 0.0007112026214599609, 0.0007536411285400391, 0.0007679462432861328]}