{"comm_times": [28.24669313430786, 0.013252496719360352, 0.006105184555053711, 0.005936145782470703, 0.0048329830169677734, 0.005127429962158203, 0.005216121673583984, 0.004754543304443359, 0.00518345832824707, 0.004495859146118164], "calc_times": [0.0013213157653808594, 0.0010099411010742188, 0.0009360313415527344, 0.0008935928344726562, 0.0008955001831054688, 0.0008237361907958984, 0.0009407997131347656, 0.0008499622344970703, 0.0008797645568847656, 0.0008921623229980469]}