{"comm_times": [28.23724603652954, 0.022597789764404297, 0.006046772003173828, 0.005415201187133789, 0.006104946136474609, 0.004831552505493164, 0.005300283432006836, 0.0044057369232177734, 0.005353212356567383, 0.004686594009399414], "calc_times": [0.001397848129272461, 0.0009171962738037109, 0.0009047985076904297, 0.0008535385131835938, 0.0008511543273925781, 0.0007922649383544922, 0.0008485317230224609, 0.0008978843688964844, 0.0008635520935058594, 0.0008535385131835938]}