{"comm_times": [28.245989561080933, 0.014186620712280273, 0.0057218074798583984, 0.005863666534423828, 0.005730152130126953, 0.004631757736206055, 0.005414009094238281, 0.0051724910736083984, 0.004620075225830078, 0.004697322845458984], "calc_times": [0.000978708267211914, 0.0010464191436767578, 0.000986337661743164, 0.0008931159973144531, 0.0009047985076904297, 0.0008628368377685547, 0.0009245872497558594, 0.0008783340454101562, 0.000980377197265625, 0.0008358955383300781]}