{"comm_times": [0.07494616508483887, 0.002198457717895508, 0.0013146400451660156, 0.0013997554779052734, 0.0013699531555175781, 0.0012996196746826172, 0.001840353012084961, 0.001750946044921875, 0.001146078109741211, 0.001497507095336914], "calc_times": [0.0009906291961669922, 0.0010457038879394531, 0.0008065700531005859, 0.0007495880126953125, 0.0007023811340332031, 0.0007100105285644531, 0.0006711483001708984, 0.0007228851318359375, 0.0006899833679199219, 0.0006885528564453125]}