{"comm_times": [0.07415580749511719, 0.0011737346649169922, 0.0013241767883300781, 0.0013325214385986328, 0.0014488697052001953, 0.001832723617553711, 0.0011301040649414062, 0.0018510818481445312, 0.0015621185302734375, 0.0010094642639160156], "calc_times": [0.0027005672454833984, 0.0009839534759521484, 0.0007562637329101562, 0.0007345676422119141, 0.0007212162017822266, 0.0006971359252929688, 0.0007083415985107422, 0.0006809234619140625, 0.0006856918334960938, 0.0007121562957763672]}