{"comm_times": [0.0037207603454589844, 0.002114534378051758, 0.0013885498046875, 0.0012962818145751953, 0.0012977123260498047, 0.0013074874877929688, 0.0017986297607421875, 0.0006887912750244141, 0.0013251304626464844, 0.0013604164123535156], "calc_times": [0.0009996891021728516, 0.0009527206420898438, 0.0007784366607666016, 0.0007331371307373047, 0.0007703304290771484, 0.000713348388671875, 0.0007157325744628906, 0.0007545948028564453, 0.0007135868072509766, 0.0007090568542480469]}