{"comm_times": [0.0027456283569335938, 0.0015633106231689453, 0.0013279914855957031, 0.0012102127075195312, 0.0013363361358642578, 0.0018696784973144531, 0.0010986328125, 0.0019021034240722656, 0.0015485286712646484, 0.0011174678802490234], "calc_times": [0.0026705265045166016, 0.0007989406585693359, 0.0007493495941162109, 0.0007331371307373047, 0.00087738037109375, 0.0006787776947021484, 0.0006766319274902344, 0.0006499290466308594, 0.0007085800170898438, 0.0006284713745117188]}