{"comm_times": [0.3000154495239258, 0.027715682983398438, 0.0038301944732666016, 0.012187480926513672, 0.00336456298828125, 0.004850864410400391, 0.004663705825805664, 0.0049207210540771484, 0.007133960723876953, 0.004491090774536133], "calc_times": [0.001079559326171875, 0.0011034011840820312, 0.0012288093566894531, 0.0008692741394042969, 0.0010669231414794922, 0.0008838176727294922, 0.0008699893951416016, 0.0008018016815185547, 0.0007982254028320312, 0.0009195804595947266]}