{"comm_times": [0.2958972454071045, 0.01839923858642578, 0.004109621047973633, 0.012249231338500977, 0.0036644935607910156, 0.0048694610595703125, 0.005219459533691406, 0.0045926570892333984, 0.006657838821411133, 0.0049343109130859375], "calc_times": [0.000989675521850586, 0.0010328292846679688, 0.0009686946868896484, 0.0007793903350830078, 0.0009760856628417969, 0.0008449554443359375, 0.0007977485656738281, 0.0008559226989746094, 0.0007393360137939453, 0.0007867813110351562]}