{"comm_times": [0.3119826316833496, 0.00961160659790039, 0.010242223739624023, 0.005198955535888672, 0.004857540130615234, 0.004784345626831055, 0.004805564880371094, 0.005394697189331055, 0.0065310001373291016, 0.005316495895385742], "calc_times": [0.0009665489196777344, 0.0010440349578857422, 0.0009379386901855469, 0.0009794235229492188, 0.0010023117065429688, 0.0009100437164306641, 0.0009191036224365234, 0.0007698535919189453, 0.0009028911590576172, 0.0009443759918212891]}