{"comm_times": [0.30797529220581055, 0.013331890106201172, 0.004909992218017578, 0.009891986846923828, 0.004993915557861328, 0.005334615707397461, 0.004395484924316406, 0.0051708221435546875, 0.007241964340209961, 0.004624605178833008], "calc_times": [0.0013091564178466797, 0.0010230541229248047, 0.0009312629699707031, 0.0007991790771484375, 0.0008759498596191406, 0.0007936954498291016, 0.0007803440093994141, 0.0007688999176025391, 0.0007860660552978516, 0.0007843971252441406]}