{"comm_times": [0.30655956268310547, 0.013920307159423828, 0.010499954223632812, 0.005194425582885742, 0.006841421127319336, 0.0035424232482910156, 0.004126071929931641, 0.006208896636962891, 0.006000518798828125, 0.004812955856323242], "calc_times": [0.001268148422241211, 0.0010254383087158203, 0.0009121894836425781, 0.0008981227874755859, 0.0008714199066162109, 0.0008976459503173828, 0.0007987022399902344, 0.0008409023284912109, 0.0008666515350341797, 0.0008983612060546875]}