{"comm_times": [0.3179960250854492, 0.009492158889770508, 0.01057577133178711, 0.005042076110839844, 0.0050373077392578125, 0.004817008972167969, 0.004766702651977539, 0.007029056549072266, 0.005083799362182617, 0.005274772644042969], "calc_times": [0.0010216236114501953, 0.0010192394256591797, 0.0009005069732666016, 0.0009093284606933594, 0.0007810592651367188, 0.0007748603820800781, 0.0007128715515136719, 0.0007669925689697266, 0.0007541179656982422, 0.0007374286651611328]}