{"comm_times": [0.3165924549102783, 0.009398698806762695, 0.010001182556152344, 0.0054743289947509766, 0.0050127506256103516, 0.004023075103759766, 0.004786252975463867, 0.005467891693115234, 0.0065348148345947266, 0.005325794219970703], "calc_times": [0.0015468597412109375, 0.0010380744934082031, 0.000873565673828125, 0.0009138584136962891, 0.0008516311645507812, 0.0008516311645507812, 0.0008387565612792969, 0.0008668899536132812, 0.0008509159088134766, 0.0008180141448974609]}