{"comm_times": [0.31388354301452637, 0.013538122177124023, 0.004858255386352539, 0.009752035140991211, 0.0048885345458984375, 0.005593776702880859, 0.005475521087646484, 0.00366973876953125, 0.0073184967041015625, 0.004392862319946289], "calc_times": [0.0015225410461425781, 0.0010089874267578125, 0.0009899139404296875, 0.0007946491241455078, 0.0009331703186035156, 0.0007836818695068359, 0.0007669925689697266, 0.0008645057678222656, 0.0007541179656982422, 0.0007998943328857422]}