{"comm_times": [0.31027722358703613, 0.01571488380432129, 0.004669666290283203, 0.010435819625854492, 0.004788875579833984, 0.004946231842041016, 0.004853725433349609, 0.004670381546020508, 0.007089853286743164, 0.005524635314941406], "calc_times": [0.0015184879302978516, 0.0010335445404052734, 0.000978708267211914, 0.0008122920989990234, 0.0008990764617919922, 0.0009171962738037109, 0.0007970333099365234, 0.0008244514465332031, 0.0007922649383544922, 0.0008265972137451172]}