{"comm_times": [0.29540467262268066, 0.023999929428100586, 0.004076242446899414, 0.012572526931762695, 0.0032355785369873047, 0.004961729049682617, 0.004667043685913086, 0.0051348209381103516, 0.007030963897705078, 0.004636287689208984], "calc_times": [0.0030901432037353516, 0.0009171962738037109, 0.0009095668792724609, 0.0008022785186767578, 0.0008866786956787109, 0.0008089542388916016, 0.0008008480072021484, 0.0007688999176025391, 0.0007512569427490234, 0.0008122920989990234]}