{"comm_times": [0.2956533432006836, 0.014273881912231445, 0.010618209838867188, 0.004833698272705078, 0.006806850433349609, 0.0035698413848876953, 0.004334449768066406, 0.005721092224121094, 0.006737709045410156, 0.005360603332519531], "calc_times": [0.0029850006103515625, 0.0008707046508789062, 0.0009207725524902344, 0.0008344650268554688, 0.00080108642578125, 0.0008542537689208984, 0.0006945133209228516, 0.0006415843963623047, 0.0007359981536865234, 0.0006959438323974609]}