{"comm_times": [0.3255739212036133, 0.002160787582397461, 0.01047658920288086, 0.005349397659301758, 0.007037162780761719, 0.0035872459411621094, 0.004115581512451172, 0.005635261535644531, 0.006724357604980469, 0.0047876834869384766], "calc_times": [0.0009765625, 0.001001119613647461, 0.0009005069732666016, 0.0008716583251953125, 0.0007812976837158203, 0.0008063316345214844, 0.0007367134094238281, 0.0007989406585693359, 0.0008008480072021484, 0.000823974609375]}