{"comm_times": [0.30812716484069824, 0.014271736145019531, 0.00505828857421875, 0.009552001953125, 0.005263090133666992, 0.005418300628662109, 0.005182743072509766, 0.004757881164550781, 0.0064013004302978516, 0.004431724548339844], "calc_times": [0.0011584758758544922, 0.0010361671447753906, 0.0008974075317382812, 0.0008051395416259766, 0.0007748603820800781, 0.0008976459503173828, 0.0008046627044677734, 0.0008406639099121094, 0.0007548332214355469, 0.0007605552673339844]}