{"comm_times": [0.3120763301849365, 0.014700651168823242, 0.01077890396118164, 0.004459857940673828, 0.0068361759185791016, 0.003767728805541992, 0.004185914993286133, 0.005555868148803711, 0.006793498992919922, 0.005162477493286133], "calc_times": [0.0009405612945556641, 0.0009903907775878906, 0.0008733272552490234, 0.0008895397186279297, 0.0007607936859130859, 0.0007698535919189453, 0.0007915496826171875, 0.0007452964782714844, 0.0007555484771728516, 0.00079345703125]}