{"comm_times": [0.3133256435394287, 0.010925531387329102, 0.009900569915771484, 0.005408763885498047, 0.0049285888671875, 0.0051114559173583984, 0.004910707473754883, 0.005595207214355469, 0.006513357162475586, 0.005358695983886719], "calc_times": [0.0028116703033447266, 0.000982046127319336, 0.0008912086486816406, 0.0008702278137207031, 0.0008196830749511719, 0.0007965564727783203, 0.0007672309875488281, 0.0007872581481933594, 0.0008265972137451172, 0.0008132457733154297]}