{"comm_times": [0.31427860260009766, 0.007322549819946289, 0.010557889938354492, 0.005114555358886719, 0.0051136016845703125, 0.004916667938232422, 0.004446268081665039, 0.007191658020019531, 0.004611492156982422, 0.005471467971801758], "calc_times": [0.0012695789337158203, 0.0010123252868652344, 0.0008318424224853516, 0.0008585453033447266, 0.0008597373962402344, 0.0007984638214111328, 0.0007715225219726562, 0.0008203983306884766, 0.0008232593536376953, 0.000797271728515625]}