{"comm_times": [0.30748653411865234, 0.013286590576171875, 0.010908842086791992, 0.004984378814697266, 0.006545543670654297, 0.0035407543182373047, 0.005690813064575195, 0.003939151763916016, 0.006733417510986328, 0.004969596862792969], "calc_times": [0.0014641284942626953, 0.0010364055633544922, 0.0008935928344726562, 0.0008821487426757812, 0.0008168220520019531, 0.0009307861328125, 0.0008556842803955078, 0.0008018016815185547, 0.0007603168487548828, 0.0008969306945800781]}