{"comm_times": [0.3062622547149658, 0.016371965408325195, 0.0038254261016845703, 0.012030601501464844, 0.004126548767089844, 0.0043544769287109375, 0.004859447479248047, 0.005007743835449219, 0.006523847579956055, 0.004637718200683594], "calc_times": [0.001058340072631836, 0.0010037422180175781, 0.0010917186737060547, 0.0008833408355712891, 0.0009365081787109375, 0.0009183883666992188, 0.0008399486541748047, 0.0008223056793212891, 0.0008828639984130859, 0.0008697509765625]}