{"comm_times": [0.3078622817993164, 0.018214941024780273, 0.00448155403137207, 0.010307788848876953, 0.004815578460693359, 0.0053403377532958984, 0.004894256591796875, 0.004381656646728516, 0.007147789001464844, 0.005611896514892578], "calc_times": [0.0009124279022216797, 0.0009236335754394531, 0.0009119510650634766, 0.0008382797241210938, 0.0009181499481201172, 0.0008230209350585938, 0.0008273124694824219, 0.0007939338684082031, 0.0007474422454833984, 0.0007739067077636719]}