{"comm_times": [0.31336426734924316, 0.01103830337524414, 0.010754823684692383, 0.005191326141357422, 0.0067937374114990234, 0.003815174102783203, 0.0041010379791259766, 0.005456447601318359, 0.00656437873840332, 0.004828691482543945], "calc_times": [0.0009701251983642578, 0.0009927749633789062, 0.0008862018585205078, 0.0008878707885742188, 0.0008196830749511719, 0.0008070468902587891, 0.0007851123809814453, 0.0007989406585693359, 0.0008261203765869141, 0.000896453857421875]}