{"comm_times": [0.3065459728240967, 0.018830299377441406, 0.003935575485229492, 0.01210165023803711, 0.005365610122680664, 0.003454923629760742, 0.005228519439697266, 0.004637956619262695, 0.006787538528442383, 0.005008697509765625], "calc_times": [0.002921581268310547, 0.0009443759918212891, 0.0009462833404541016, 0.0007865428924560547, 0.0008749961853027344, 0.0007805824279785156, 0.000774383544921875, 0.0007920265197753906, 0.0007941722869873047, 0.0007939338684082031]}