{"comm_times": [0.30168724060058594, 0.02345871925354004, 0.003953695297241211, 0.012327432632446289, 0.0032317638397216797, 0.005172252655029297, 0.00482177734375, 0.004774332046508789, 0.007203817367553711, 0.00434112548828125], "calc_times": [0.0009984970092773438, 0.000986337661743164, 0.001010894775390625, 0.0007874965667724609, 0.0009512901306152344, 0.0007734298706054688, 0.0008089542388916016, 0.0007867813110351562, 0.0008192062377929688, 0.0008857250213623047]}