{"comm_times": [0.31493282318115234, 0.01278233528137207, 0.0048122406005859375, 0.009960174560546875, 0.004970550537109375, 0.005322694778442383, 0.004366636276245117, 0.005099296569824219, 0.007194042205810547, 0.0046384334564208984], "calc_times": [0.0012784004211425781, 0.0010046958923339844, 0.0009913444519042969, 0.0008423328399658203, 0.0008974075317382812, 0.0007920265197753906, 0.0008232593536376953, 0.0007908344268798828, 0.0007786750793457031, 0.0007803440093994141]}