{"comm_times": [0.31214165687561035, 0.01356196403503418, 0.004719257354736328, 0.009958028793334961, 0.004974842071533203, 0.005270242691040039, 0.005479574203491211, 0.0035185813903808594, 0.007498741149902344, 0.0046634674072265625], "calc_times": [0.0010094642639160156, 0.0009107589721679688, 0.0009026527404785156, 0.0007953643798828125, 0.0008971691131591797, 0.0009770393371582031, 0.0008530616760253906, 0.0008368492126464844, 0.0007646083831787109, 0.0009295940399169922]}