{"comm_times": [0.21843457221984863, 0.027994394302368164, 0.0040361881256103516, 0.012305259704589844, 0.0035893917083740234, 0.005002737045288086, 0.004819154739379883, 0.005037546157836914, 0.00724029541015625, 0.004582643508911133], "calc_times": [0.003040790557861328, 0.0009217262268066406, 0.0009915828704833984, 0.0007526874542236328, 0.0008893013000488281, 0.0007576942443847656, 0.0007290840148925781, 0.0007405281066894531, 0.0007967948913574219, 0.0008490085601806641]}