{"comm_times": [0.23497533798217773, 0.01295018196105957, 0.004731893539428711, 0.009934425354003906, 0.0049974918365478516, 0.005236625671386719, 0.004325389862060547, 0.0050847530364990234, 0.007161617279052734, 0.004603385925292969], "calc_times": [0.000997781753540039, 0.0009295940399169922, 0.001009225845336914, 0.0008287429809570312, 0.0008988380432128906, 0.0008821487426757812, 0.0008490085601806641, 0.0008058547973632812, 0.0008177757263183594, 0.000804901123046875]}