{"comm_times": [0.23476362228393555, 0.01093602180480957, 0.010369062423706055, 0.0051920413970947266, 0.00516819953918457, 0.005000114440917969, 0.004481315612792969, 0.00709080696105957, 0.004888772964477539, 0.005582094192504883], "calc_times": [0.0029468536376953125, 0.0008993148803710938, 0.0009627342224121094, 0.0007913112640380859, 0.00074005126953125, 0.0007781982421875, 0.0007483959197998047, 0.0007305145263671875, 0.000774383544921875, 0.0007417201995849609]}