{"comm_times": [0.23700881004333496, 0.010669469833374023, 0.010189533233642578, 0.005257606506347656, 0.004960060119628906, 0.004950284957885742, 0.004764080047607422, 0.005376577377319336, 0.006547689437866211, 0.005080461502075195], "calc_times": [0.0010230541229248047, 0.0009746551513671875, 0.0009799003601074219, 0.0009288787841796875, 0.0008761882781982422, 0.000812530517578125, 0.0009768009185791016, 0.0008308887481689453, 0.0008718967437744141, 0.0009131431579589844]}