{"comm_times": [0.23005914688110352, 0.016370296478271484, 0.004300117492675781, 0.012563705444335938, 0.0036420822143554688, 0.004952907562255859, 0.00493621826171875, 0.005143642425537109, 0.006494283676147461, 0.004880666732788086], "calc_times": [0.002812623977661133, 0.0009212493896484375, 0.0009238719940185547, 0.0007822513580322266, 0.0008690357208251953, 0.0007843971252441406, 0.0007658004760742188, 0.0007874965667724609, 0.0007388591766357422, 0.0007951259613037109]}