{"comm_times": [0.3171558380126953, 0.010610103607177734, 0.010305404663085938, 0.005334615707397461, 0.004997968673706055, 0.004934787750244141, 0.004968404769897461, 0.005381345748901367, 0.0067119598388671875, 0.005326032638549805], "calc_times": [0.001306295394897461, 0.0009691715240478516, 0.0008504390716552734, 0.0009288787841796875, 0.0008816719055175781, 0.0007832050323486328, 0.0008192062377929688, 0.0007846355438232422, 0.0007579326629638672, 0.0007131099700927734]}