{"comm_times": [0.24632692337036133, 0.002198457717895508, 0.01072072982788086, 0.005269527435302734, 0.007022380828857422, 0.0036301612854003906, 0.0040283203125, 0.005743265151977539, 0.006699562072753906, 0.0047266483306884766], "calc_times": [0.0009226799011230469, 0.0009081363677978516, 0.0007529258728027344, 0.0008738040924072266, 0.0008149147033691406, 0.0007944107055664062, 0.0007560253143310547, 0.0007853507995605469, 0.0008170604705810547, 0.0008382797241210938]}