{"comm_times": [0.2335033416748047, 0.012715578079223633, 0.010792970657348633, 0.005150556564331055, 0.006494998931884766, 0.003756284713745117, 0.0055582523345947266, 0.003874063491821289, 0.0068721771240234375, 0.0058879852294921875], "calc_times": [0.002841949462890625, 0.0009341239929199219, 0.0009031295776367188, 0.0008788108825683594, 0.0008537769317626953, 0.0008642673492431641, 0.0007700920104980469, 0.0008616447448730469, 0.0007185935974121094, 0.000759124755859375]}