{"comm_times": [0.24470806121826172, 0.0028603076934814453, 0.005057334899902344, 0.009977340698242188, 0.0051462650299072266, 0.005324602127075195, 0.0054590702056884766, 0.004874467849731445, 0.005880594253540039, 0.004317760467529297], "calc_times": [0.0010106563568115234, 0.0010139942169189453, 0.000762939453125, 0.0008172988891601562, 0.0008516311645507812, 0.0008397102355957031, 0.0008690357208251953, 0.0008957386016845703, 0.0008082389831542969, 0.0007672309875488281]}