{"comm_times": [0.3139820098876953, 0.011059761047363281, 0.01104426383972168, 0.005022287368774414, 0.005156993865966797, 0.004547595977783203, 0.004785060882568359, 0.006602048873901367, 0.005175113677978516, 0.005142688751220703], "calc_times": [0.0009522438049316406, 0.0009262561798095703, 0.0009114742279052734, 0.0008981227874755859, 0.0007691383361816406, 0.0007522106170654297, 0.0008225440979003906, 0.0007259845733642578, 0.0007500648498535156, 0.0007290840148925781]}