{"comm_times": [0.1872866153717041, 0.009594440460205078, 0.010062694549560547, 0.0055065155029296875, 0.005167245864868164, 0.005059719085693359, 0.0050754547119140625, 0.005409955978393555, 0.006587982177734375, 0.005292654037475586], "calc_times": [0.002871274948120117, 0.0009028911590576172, 0.0008237361907958984, 0.0008625984191894531, 0.0007221698760986328, 0.0008270740509033203, 0.0007636547088623047, 0.0007693767547607422, 0.0007512569427490234, 0.0007898807525634766]}