{"comm_times": [0.18099045753479004, 0.015872478485107422, 0.004835605621337891, 0.010363101959228516, 0.004815101623535156, 0.005140542984008789, 0.004842996597290039, 0.00473785400390625, 0.00714111328125, 0.00554203987121582], "calc_times": [0.0029587745666503906, 0.0009415149688720703, 0.0009007453918457031, 0.0007727146148681641, 0.0008473396301269531, 0.0007843971252441406, 0.0007538795471191406, 0.0007832050323486328, 0.0007712841033935547, 0.000743865966796875]}