{"comm_times": [0.3088514804840088, 0.016187429428100586, 0.004214048385620117, 0.012357473373413086, 0.0036852359771728516, 0.005015134811401367, 0.00487828254699707, 0.005263566970825195, 0.006486654281616211, 0.0049343109130859375], "calc_times": [0.0013589859008789062, 0.0010449886322021484, 0.0010662078857421875, 0.0007936954498291016, 0.0009219646453857422, 0.0007581710815429688, 0.0007567405700683594, 0.00075531005859375, 0.000732421875, 0.0007069110870361328]}