{"comm_times": [0.17704033851623535, 0.014289617538452148, 0.010701179504394531, 0.004637479782104492, 0.006819963455200195, 0.0036737918853759766, 0.0044231414794921875, 0.005524396896362305, 0.006837129592895508, 0.005415916442871094], "calc_times": [0.002851247787475586, 0.0008718967437744141, 0.0009379386901855469, 0.001013040542602539, 0.0007128715515136719, 0.0007381439208984375, 0.0006811618804931641, 0.0007345676422119141, 0.0006959438323974609, 0.0007319450378417969]}