{"comm_times": [0.18580102920532227, 0.010941743850708008, 0.010857105255126953, 0.005082130432128906, 0.006966114044189453, 0.0037469863891601562, 0.004067659378051758, 0.0065555572509765625, 0.0056226253509521484, 0.0049953460693359375], "calc_times": [0.0030357837677001953, 0.0010426044464111328, 0.0008795261383056641, 0.0008754730224609375, 0.0008139610290527344, 0.0008137226104736328, 0.0007963180541992188, 0.0007665157318115234, 0.0008206367492675781, 0.0008141994476318359]}