{"comm_times": [0.17425894737243652, 0.023328304290771484, 0.004179239273071289, 0.012317657470703125, 0.0034575462341308594, 0.005100727081298828, 0.0051348209381103516, 0.0047190189361572266, 0.0071752071380615234, 0.004637479782104492], "calc_times": [0.0031137466430664062, 0.0009615421295166016, 0.0009181499481201172, 0.0007421970367431641, 0.0008225440979003906, 0.0007648468017578125, 0.000720977783203125, 0.0007452964782714844, 0.0007462501525878906, 0.0007035732269287109]}