{"comm_times": [0.17307090759277344, 0.018577098846435547, 0.004189014434814453, 0.01223611831665039, 0.003652334213256836, 0.004952430725097656, 0.0052640438079833984, 0.004561901092529297, 0.006521463394165039, 0.004975557327270508], "calc_times": [0.002894163131713867, 0.0008995532989501953, 0.0009057521820068359, 0.0007851123809814453, 0.0008871555328369141, 0.0007853507995605469, 0.0007772445678710938, 0.0009160041809082031, 0.0007967948913574219, 0.0007722377777099609]}