{"comm_times": [0.1728196144104004, 0.013632059097290039, 0.005141496658325195, 0.009756803512573242, 0.005155324935913086, 0.005593061447143555, 0.005665302276611328, 0.003814220428466797, 0.007412910461425781, 0.004390239715576172], "calc_times": [0.002900838851928711, 0.0008943080902099609, 0.0007641315460205078, 0.0007493495941162109, 0.0007340908050537109, 0.0007412433624267578, 0.0006620883941650391, 0.0007028579711914062, 0.0007414817810058594, 0.0007698535919189453]}