{"comm_times": [0.15859127044677734, 0.02395796775817871, 0.004117012023925781, 0.013098955154418945, 0.002755403518676758, 0.0047571659088134766, 0.004700660705566406, 0.005037784576416016, 0.006971120834350586, 0.00465846061706543], "calc_times": [0.0029523372650146484, 0.00090789794921875, 0.0009093284606933594, 0.0008041858673095703, 0.0009512901306152344, 0.0008499622344970703, 0.0008606910705566406, 0.0008196830749511719, 0.0008127689361572266, 0.0008144378662109375]}