{"comm_times": [0.1679394245147705, 0.014092445373535156, 0.010464906692504883, 0.005294322967529297, 0.0068759918212890625, 0.003667593002319336, 0.004114866256713867, 0.006368875503540039, 0.005908966064453125, 0.00494074821472168], "calc_times": [0.0029344558715820312, 0.0009007453918457031, 0.0009124279022216797, 0.0008523464202880859, 0.0007774829864501953, 0.0008108615875244141, 0.000766754150390625, 0.0007643699645996094, 0.0008301734924316406, 0.00079345703125]}