{"comm_times": [0.17635512351989746, 0.009569883346557617, 0.010821104049682617, 0.004967212677001953, 0.0051021575927734375, 0.004697561264038086, 0.004694461822509766, 0.006995439529418945, 0.0049896240234375, 0.0052602291107177734], "calc_times": [0.0029039382934570312, 0.0009522438049316406, 0.0008540153503417969, 0.0008118152618408203, 0.0008444786071777344, 0.0007913112640380859, 0.0007872581481933594, 0.0008053779602050781, 0.0008475780487060547, 0.0007939338684082031]}