{"comm_times": [0.06757736206054688, 0.023597002029418945, 0.00410151481628418, 0.012285709381103516, 0.0033025741577148438, 0.005230426788330078, 0.004911184310913086, 0.0049173831939697266, 0.007218122482299805, 0.004525423049926758], "calc_times": [0.003046274185180664, 0.0009548664093017578, 0.0008833408355712891, 0.0008099079132080078, 0.0008480548858642578, 0.0007150173187255859, 0.0007462501525878906, 0.0006937980651855469, 0.0007500648498535156, 0.0007660388946533203]}