{"comm_times": [0.0795755386352539, 0.011162042617797852, 0.010694742202758789, 0.00518798828125, 0.006815433502197266, 0.004117727279663086, 0.0037114620208740234, 0.005419015884399414, 0.006651639938354492, 0.004815101623535156], "calc_times": [0.002974271774291992, 0.0008988380432128906, 0.0009613037109375, 0.0008692741394042969, 0.0008211135864257812, 0.0008211135864257812, 0.0008485317230224609, 0.0008056163787841797, 0.00079345703125, 0.0008296966552734375]}