{"comm_times": [0.08166050910949707, 0.010991573333740234, 0.01000070571899414, 0.005263566970825195, 0.005003452301025391, 0.005077362060546875, 0.00487208366394043, 0.005600929260253906, 0.006552696228027344, 0.005478858947753906], "calc_times": [0.0029785633087158203, 0.0009207725524902344, 0.0008885860443115234, 0.0008890628814697266, 0.0008471012115478516, 0.0007870197296142578, 0.0007805824279785156, 0.0007832050323486328, 0.0008022785186767578, 0.0007886886596679688]}