{"comm_times": [0.31232690811157227, 0.01226806640625, 0.010994434356689453, 0.005099058151245117, 0.006470680236816406, 0.0034592151641845703, 0.005692481994628906, 0.00386810302734375, 0.006766557693481445, 0.0051364898681640625], "calc_times": [0.0012578964233398438, 0.0010831356048583984, 0.001026153564453125, 0.000881195068359375, 0.0008826255798339844, 0.0009737014770507812, 0.0008401870727539062, 0.0008637905120849609, 0.0007710456848144531, 0.0007684230804443359]}