{"comm_times": [0.20008516311645508, 0.007545948028564453, 0.010610580444335938, 0.0053751468658447266, 0.00484466552734375, 0.004834890365600586, 0.004328727722167969, 0.007163047790527344, 0.00451970100402832, 0.005658864974975586], "calc_times": [0.0032367706298828125, 0.0009002685546875, 0.0008175373077392578, 0.0008292198181152344, 0.0008502006530761719, 0.0008356571197509766, 0.0009036064147949219, 0.0008263587951660156, 0.0008563995361328125, 0.0007491111755371094]}