{"comm_times": [0.17244625091552734, 0.009752273559570312, 0.010589599609375, 0.004909515380859375, 0.005021572113037109, 0.0048465728759765625, 0.004957914352416992, 0.005269050598144531, 0.0066680908203125, 0.005491018295288086], "calc_times": [0.0031337738037109375, 0.0009257793426513672, 0.000896453857421875, 0.0009281635284423828, 0.0008778572082519531, 0.0008215904235839844, 0.0008387565612792969, 0.0008499622344970703, 0.0008094310760498047, 0.0008132457733154297]}