{"comm_times": [0.16867828369140625, 0.013714790344238281, 0.004746437072753906, 0.009887218475341797, 0.00513458251953125, 0.005419254302978516, 0.004475116729736328, 0.005253791809082031, 0.00736236572265625, 0.004694938659667969], "calc_times": [0.002878904342651367, 0.0008864402770996094, 0.0008666515350341797, 0.0007708072662353516, 0.0007607936859130859, 0.0007150173187255859, 0.0007178783416748047, 0.0006957054138183594, 0.0007035732269287109, 0.0007951259613037109]}