{"comm_times": [0.1941983699798584, 0.014409303665161133, 0.005045413970947266, 0.009655475616455078, 0.005151033401489258, 0.005661964416503906, 0.005316734313964844, 0.0049016475677490234, 0.006466388702392578, 0.004547834396362305], "calc_times": [0.002907991409301758, 0.0008838176727294922, 0.0008914470672607422, 0.0008041858673095703, 0.0007767677307128906, 0.0007269382476806641, 0.0007090568542480469, 0.0007011890411376953, 0.0007011890411376953, 0.0007100105285644531]}