{"comm_times": [0.07386326789855957, 0.01836252212524414, 0.004433393478393555, 0.010349035263061523, 0.004934549331665039, 0.0054013729095458984, 0.00499725341796875, 0.004439115524291992, 0.007247209548950195, 0.005646228790283203], "calc_times": [0.0031676292419433594, 0.0009150505065917969, 0.0008733272552490234, 0.0007708072662353516, 0.0008230209350585938, 0.0007653236389160156, 0.0007338523864746094, 0.0007619857788085938, 0.0007066726684570312, 0.0006871223449707031]}