{"comm_times": [0.19359445571899414, 0.015371084213256836, 0.0039479732513427734, 0.012068748474121094, 0.004032611846923828, 0.004450798034667969, 0.004855155944824219, 0.004958629608154297, 0.006476640701293945, 0.004685640335083008], "calc_times": [0.0029265880584716797, 0.0009295940399169922, 0.0009446144104003906, 0.0008823871612548828, 0.0010197162628173828, 0.0008161067962646484, 0.0008385181427001953, 0.0008466243743896484, 0.0009014606475830078, 0.0008127689361572266]}