{"comm_times": [0.1936964988708496, 0.013463497161865234, 0.010802745819091797, 0.005012035369873047, 0.006579399108886719, 0.0037419795989990234, 0.005909442901611328, 0.003969430923461914, 0.006707906723022461, 0.005024909973144531], "calc_times": [0.0030117034912109375, 0.0009169578552246094, 0.0009446144104003906, 0.0008475780487060547, 0.0007431507110595703, 0.0007677078247070312, 0.0007150173187255859, 0.0007994174957275391, 0.0007455348968505859, 0.0008099079132080078]}