{"comm_times": [0.022838830947875977, 0.013607501983642578, 0.004687309265136719, 0.010123491287231445, 0.0045413970947265625, 0.005517244338989258, 0.005318164825439453, 0.0034673213958740234, 0.007511138916015625, 0.004770517349243164], "calc_times": [0.003839731216430664, 0.0009508132934570312, 0.0008895397186279297, 0.000835418701171875, 0.0009267330169677734, 0.0008194446563720703, 0.0010073184967041016, 0.0008256435394287109, 0.00074005126953125, 0.0008165836334228516]}