{"comm_times": [0.025460243225097656, 0.011090755462646484, 0.011210441589355469, 0.0051310062408447266, 0.0050983428955078125, 0.004539012908935547, 0.0049016475677490234, 0.006543159484863281, 0.005137443542480469, 0.005154848098754883], "calc_times": [0.0028905868530273438, 0.0009191036224365234, 0.0008084774017333984, 0.0008153915405273438, 0.0007987022399902344, 0.0007419586181640625, 0.0007283687591552734, 0.0008032321929931641, 0.0007827281951904297, 0.0007879734039306641]}