{"comm_times": [0.3218512535095215, 0.0028743743896484375, 0.0050296783447265625, 0.010025978088378906, 0.0051364898681640625, 0.005499839782714844, 0.005698680877685547, 0.004987478256225586, 0.006154775619506836, 0.004385232925415039], "calc_times": [0.0013365745544433594, 0.0009791851043701172, 0.0008339881896972656, 0.0007798671722412109, 0.0007519721984863281, 0.0007467269897460938, 0.0006883144378662109, 0.000751495361328125, 0.0007073879241943359, 0.0007288455963134766]}