{"comm_times": [0.030282258987426758, 0.014911651611328125, 0.010731697082519531, 0.00445556640625, 0.0068395137786865234, 0.0038220882415771484, 0.004320621490478516, 0.005620241165161133, 0.006891489028930664, 0.005213499069213867], "calc_times": [0.002960205078125, 0.0009109973907470703, 0.0008943080902099609, 0.0008482933044433594, 0.0007340908050537109, 0.0007116794586181641, 0.0006842613220214844, 0.0006771087646484375, 0.0006844997406005859, 0.000743865966796875]}