{"comm_times": [0.027212858200073242, 0.01882767677307129, 0.003918170928955078, 0.012054443359375, 0.005536079406738281, 0.003433704376220703, 0.005209207534790039, 0.004582405090332031, 0.006800651550292969, 0.005248069763183594], "calc_times": [0.002979278564453125, 0.0009109973907470703, 0.0009298324584960938, 0.0007963180541992188, 0.0008170604705810547, 0.0007498264312744141, 0.000751495361328125, 0.0008375644683837891, 0.0007493495941162109, 0.0007264614105224609]}