{"comm_times": [0.3139925003051758, 0.010677576065063477, 0.01052713394165039, 0.005210399627685547, 0.005071163177490234, 0.004916667938232422, 0.004437685012817383, 0.007089853286743164, 0.004850864410400391, 0.005539655685424805], "calc_times": [0.0013153553009033203, 0.0009484291076660156, 0.0008864402770996094, 0.0009100437164306641, 0.0008208751678466797, 0.0007836818695068359, 0.0008296966552734375, 0.0007338523864746094, 0.000804901123046875, 0.0007641315460205078]}