{"comm_times": [0.3044552803039551, 0.023293256759643555, 0.004192829132080078, 0.012212038040161133, 0.003308534622192383, 0.005107879638671875, 0.004899024963378906, 0.0047435760498046875, 0.007135868072509766, 0.004638671875], "calc_times": [0.0013687610626220703, 0.0009381771087646484, 0.000980377197265625, 0.0008335113525390625, 0.0009279251098632812, 0.0007679462432861328, 0.0008134841918945312, 0.0007946491241455078, 0.0007700920104980469, 0.00080108642578125]}