{"comm_times": [0.31577086448669434, 0.011154890060424805, 0.010649442672729492, 0.005099058151245117, 0.00687861442565918, 0.003591299057006836, 0.003993511199951172, 0.005490541458129883, 0.006535768508911133, 0.004828214645385742], "calc_times": [0.0015292167663574219, 0.0010383129119873047, 0.001012563705444336, 0.0009367465972900391, 0.0008809566497802734, 0.0009043216705322266, 0.0008709430694580078, 0.0008451938629150391, 0.0008387565612792969, 0.0009036064147949219]}