{"comm_times": [0.1454329490661621, 0.006955146789550781, 0.002567768096923828, 0.004698514938354492, 0.002338409423828125, 0.0020127296447753906, 0.013352632522583008, 0.003707408905029297, 0.003492116928100586, 0.0014410018920898438], "calc_times": [0.0028569698333740234, 0.0008833408355712891, 0.0008058547973632812, 0.0008344650268554688, 0.0008029937744140625, 0.0007109642028808594, 0.0007710456848144531, 0.0007932186126708984, 0.000713348388671875, 0.0007188320159912109]}