{"comm_times": [0.15006470680236816, 0.0017094612121582031, 0.002336263656616211, 0.004996299743652344, 0.002187013626098633, 0.0021276473999023438, 0.01422882080078125, 0.0026793479919433594, 0.002186298370361328, 0.0028009414672851562], "calc_times": [0.003107786178588867, 0.000982046127319336, 0.0008091926574707031, 0.0007016658782958984, 0.0007309913635253906, 0.00075531005859375, 0.0007002353668212891, 0.0008378028869628906, 0.0008776187896728516, 0.0006854534149169922]}