{"comm_times": [0.14718890190124512, 0.004896879196166992, 0.004725933074951172, 0.0021882057189941406, 0.0022385120391845703, 0.0018951892852783203, 0.01336526870727539, 0.0033028125762939453, 0.002246379852294922, 0.002862215042114258], "calc_times": [0.002875089645385742, 0.000888824462890625, 0.0007867813110351562, 0.0007987022399902344, 0.0008053779602050781, 0.0008273124694824219, 0.0007495880126953125, 0.0008788108825683594, 0.0007672309875488281, 0.0007302761077880859]}