{"comm_times": [0.14858484268188477, 0.0023550987243652344, 0.0024945735931396484, 0.004857778549194336, 0.00213623046875, 0.0021762847900390625, 0.014403343200683594, 0.002605438232421875, 0.0022025108337402344, 0.002866029739379883], "calc_times": [0.0031418800354003906, 0.0009286403656005859, 0.0007517337799072266, 0.0007565021514892578, 0.0007350444793701172, 0.0006954669952392578, 0.0007007122039794922, 0.0009014606475830078, 0.0008029937744140625, 0.0007555484771728516]}