{"comm_times": [0.009927511215209961, 0.006985902786254883, 0.0024328231811523438, 0.00493311882019043, 0.002233266830444336, 0.0020079612731933594, 0.013572454452514648, 0.003575563430786133, 0.003273487091064453, 0.0013189315795898438], "calc_times": [0.0030760765075683594, 0.0008752346038818359, 0.0008273124694824219, 0.0007410049438476562, 0.0008499622344970703, 0.0007104873657226562, 0.0006892681121826172, 0.0008845329284667969, 0.0007998943328857422, 0.0007777214050292969]}