{"comm_times": [0.015012741088867188, 0.001786947250366211, 0.0024123191833496094, 0.004996061325073242, 0.0021409988403320312, 0.00211334228515625, 0.014417648315429688, 0.0024652481079101562, 0.002274751663208008, 0.0027751922607421875], "calc_times": [0.0029222965240478516, 0.0008962154388427734, 0.0007567405700683594, 0.0007255077362060547, 0.0007817745208740234, 0.000766754150390625, 0.0007216930389404297, 0.0008900165557861328, 0.0007464885711669922, 0.0007166862487792969]}