{"comm_times": [0.004984378814697266, 0.004960775375366211, 0.004826068878173828, 0.002045869827270508, 0.0023217201232910156, 0.0020399093627929688, 0.013715982437133789, 0.003173828125, 0.0021905899047851562, 0.0029098987579345703], "calc_times": [0.011587858200073242, 0.0008664131164550781, 0.000823974609375, 0.0007939338684082031, 0.0007460117340087891, 0.0006952285766601562, 0.0006842613220214844, 0.0008499622344970703, 0.0007624626159667969, 0.0007226467132568359]}