{"comm_times": [0.015651464462280273, 0.0024552345275878906, 0.002554655075073242, 0.004965066909790039, 0.0021674633026123047, 0.0021169185638427734, 0.014758110046386719, 0.0024232864379882812, 0.0023674964904785156, 0.0029969215393066406], "calc_times": [0.0028543472290039062, 0.0008525848388671875, 0.0007166862487792969, 0.0006773471832275391, 0.0007557868957519531, 0.0006685256958007812, 0.0006768703460693359, 0.0007905960083007812, 0.0006616115570068359, 0.0006418228149414062]}