{"comm_times": [0.17136263847351074, 0.1573929786682129, 0.1559453010559082, 0.1597123146057129, 0.1597912311553955, 0.15703463554382324, 0.15122079849243164, 0.15664958953857422, 0.15920281410217285, 0.1539466381072998], "calc_times": [0.0009746551513671875, 0.0009756088256835938, 0.0009329319000244141, 0.0010001659393310547, 0.0009555816650390625, 0.0009229183197021484, 0.0009365081787109375, 0.0009157657623291016, 0.0009186267852783203, 0.0010578632354736328]}