{"comm_times": [0.12523794174194336, 0.23079967498779297, 0.12185549736022949, 0.12231206893920898, 0.22972464561462402, 0.1221473217010498, 0.12355279922485352, 0.22932052612304688, 0.12220144271850586, 0.015188217163085938], "calc_times": [0.0009069442749023438, 0.000995635986328125, 0.0009357929229736328, 0.0008788108825683594, 0.0008749961853027344, 0.0009112358093261719, 0.000896453857421875, 0.0009481906890869141, 0.0008463859558105469, 0.0008924007415771484]}