{"comm_times": [0.2296154499053955, 0.1218116283416748, 0.12039852142333984, 0.22652173042297363, 0.1208953857421875, 0.12437105178833008, 0.22748422622680664, 0.12040424346923828, 0.12325787544250488, 0.014795780181884766], "calc_times": [0.0009229183197021484, 0.0009741783142089844, 0.0008847713470458984, 0.0008900165557861328, 0.0008823871612548828, 0.0009045600891113281, 0.0008993148803710938, 0.0009140968322753906, 0.0009441375732421875, 0.0008845329284667969]}