{"comm_times": [0.12271380424499512, 0.12047576904296875, 0.22792673110961914, 0.12070417404174805, 0.12092971801757812, 0.22856378555297852, 0.12115097045898438, 0.12036657333374023, 0.22765135765075684, 0.013766765594482422], "calc_times": [0.0009200572967529297, 0.0009071826934814453, 0.0009171962738037109, 0.0008809566497802734, 0.0008921623229980469, 0.0009038448333740234, 0.0009758472442626953, 0.0008881092071533203, 0.0009732246398925781, 0.0009317398071289062]}