{"comm_times": [0.12199544906616211, 0.22769951820373535, 0.11966538429260254, 0.12472987174987793, 0.2279796600341797, 0.12107324600219727, 0.12301397323608398, 0.2268071174621582, 0.12013959884643555, 0.01370549201965332], "calc_times": [0.0009076595306396484, 0.0009086132049560547, 0.0008838176727294922, 0.000885009765625, 0.0009622573852539062, 0.0010561943054199219, 0.0008833408355712891, 0.0009377002716064453, 0.0009050369262695312, 0.0009472370147705078]}