{"comm_times": [0.22961115837097168, 0.13421368598937988, 0.1204986572265625, 0.22645187377929688, 0.11942601203918457, 0.12078285217285156, 0.22722816467285156, 0.12146520614624023, 0.12273645401000977, 0.014129400253295898], "calc_times": [0.0008802413940429688, 0.0008802413940429688, 0.0009098052978515625, 0.0009448528289794922, 0.0009291172027587891, 0.0008645057678222656, 0.0008802413940429688, 0.0008540153503417969, 0.0008623600006103516, 0.0008585453033447266]}