{"comm_times": [0.1262962818145752, 0.22814059257507324, 0.12207698822021484, 0.12298750877380371, 0.22811484336853027, 0.12130451202392578, 0.12336206436157227, 0.22980880737304688, 0.12653541564941406, 0.014801025390625], "calc_times": [0.0009107589721679688, 0.0009341239929199219, 0.000949859619140625, 0.0009334087371826172, 0.0009138584136962891, 0.0009605884552001953, 0.0008623600006103516, 0.0008952617645263672, 0.0018537044525146484, 0.0008914470672607422]}