{"comm_times": [0.22653889656066895, 0.11896228790283203, 0.11931324005126953, 0.2249159812927246, 0.11806821823120117, 0.11917996406555176, 0.22693157196044922, 0.11908984184265137, 0.1191103458404541, 0.012333869934082031], "calc_times": [0.0010714530944824219, 0.0009367465972900391, 0.0009555816650390625, 0.00090789794921875, 0.00090789794921875, 0.0009140968322753906, 0.0009150505065917969, 0.000911712646484375, 0.0009033679962158203, 0.0009675025939941406]}