{"comm_times": [0.22981023788452148, 0.11978721618652344, 0.12088322639465332, 0.22761845588684082, 0.11993265151977539, 0.12070012092590332, 0.22725319862365723, 0.12112998962402344, 0.12075996398925781, 0.013979196548461914], "calc_times": [0.0009560585021972656, 0.0009276866912841797, 0.0008985996246337891, 0.0009372234344482422, 0.0009725093841552734, 0.0008912086486816406, 0.0009143352508544922, 0.0010116100311279297, 0.0009889602661132812, 0.0009453296661376953]}