{"comm_times": [0.12034177780151367, 0.2241830825805664, 0.11792254447937012, 0.22345924377441406, 0.11815595626831055, 0.11904597282409668, 0.22574114799499512, 0.1179807186126709, 0.1186058521270752, 0.011623382568359375], "calc_times": [0.0009329319000244141, 0.0009560585021972656, 0.0010714530944824219, 0.0009412765502929688, 0.0009236335754394531, 0.0010149478912353516, 0.0009372234344482422, 0.0009098052978515625, 0.0009276866912841797, 0.0009033679962158203]}