{"comm_times": [0.12153887748718262, 0.22658419609069824, 0.11961245536804199, 0.12010359764099121, 0.2266252040863037, 0.12058424949645996, 0.11945891380310059, 0.22945189476013184, 0.12006235122680664, 0.013463258743286133], "calc_times": [0.0008637905120849609, 0.0008635520935058594, 0.0008940696716308594, 0.0009343624114990234, 0.0009133815765380859, 0.0008652210235595703, 0.0008957386016845703, 0.0008769035339355469, 0.0009140968322753906, 0.0008883476257324219]}