{"comm_times": [0.1269667148590088, 0.12185239791870117, 0.22768187522888184, 0.12105560302734375, 0.12176918983459473, 0.24083304405212402, 0.12149763107299805, 0.12328481674194336, 0.23069143295288086, 0.014423608779907227], "calc_times": [0.0010106563568115234, 0.0009415149688720703, 0.0009031295776367188, 0.0008797645568847656, 0.0009474754333496094, 0.0009291172027587891, 0.0008947849273681641, 0.0009038448333740234, 0.0009491443634033203, 0.0009067058563232422]}