{"comm_times": [0.1241004467010498, 0.23059844970703125, 0.12315201759338379, 0.12332749366760254, 0.2302711009979248, 0.12287402153015137, 0.12409448623657227, 0.12323236465454102, 0.23091745376586914, 0.01567363739013672], "calc_times": [0.0008909702301025391, 0.0009195804595947266, 0.0008921623229980469, 0.0009431838989257812, 0.0009019374847412109, 0.0009014606475830078, 0.0008785724639892578, 0.0009038448333740234, 0.0008757114410400391, 0.0009217262268066406]}