{"comm_times": [0.22657561302185059, 0.11951971054077148, 0.1203460693359375, 0.22527790069580078, 0.11906695365905762, 0.11876106262207031, 0.22556161880493164, 0.11780214309692383, 0.1190645694732666, 0.012489080429077148], "calc_times": [0.0009303092956542969, 0.0009112358093261719, 0.0009253025054931641, 0.0008828639984130859, 0.0009288787841796875, 0.0009396076202392578, 0.0009622573852539062, 0.0008704662322998047, 0.000873565673828125, 0.0009019374847412109]}