{"comm_times": [0.12524747848510742, 0.12346577644348145, 0.23117423057556152, 0.12287330627441406, 0.12300276756286621, 0.23181390762329102, 0.12349557876586914, 0.12507271766662598, 0.23095011711120605, 0.01537179946899414], "calc_times": [0.0009291172027587891, 0.0009512901306152344, 0.0009038448333740234, 0.0008981227874755859, 0.0008947849273681641, 0.0009281635284423828, 0.0009176731109619141, 0.0008988380432128906, 0.0009377002716064453, 0.0009229183197021484]}