{"comm_times": [0.12404870986938477, 0.13036775588989258, 0.2295360565185547, 0.1210794448852539, 0.12215375900268555, 0.23845291137695312, 0.12184977531433105, 0.12351679801940918, 0.23065781593322754, 0.014657258987426758], "calc_times": [0.0010447502136230469, 0.0010128021240234375, 0.0008740425109863281, 0.0009620189666748047, 0.0009198188781738281, 0.0009162425994873047, 0.0009112358093261719, 0.0009448528289794922, 0.000965118408203125, 0.0010266304016113281]}