{"comm_times": [0.12933778762817383, 0.13312363624572754, 0.2877945899963379, 0.06237292289733887, 0.1177971363067627, 0.12238168716430664, 0.8612704277038574, 0.1266613006591797, 0.13837313652038574, 0.11835527420043945], "calc_times": [0.000995635986328125, 0.000873565673828125, 0.0010135173797607422, 0.0008676052093505859, 0.000888824462890625, 0.0010068416595458984, 0.0013427734375, 0.0008594989776611328, 0.0008857250213623047, 0.0009293556213378906]}