{"comm_times": [0.13806486129760742, 0.11986255645751953, 0.22712230682373047, 0.12081360816955566, 0.11938261985778809, 0.11969184875488281, 0.8660397529602051, 0.14058828353881836, 0.11909127235412598, 0.012675285339355469], "calc_times": [0.0008721351623535156, 0.0009834766387939453, 0.0008976459503173828, 0.0008885860443115234, 0.0008625984191894531, 0.0008656978607177734, 0.0009660720825195312, 0.0008921623229980469, 0.0008783340454101562, 0.0008740425109863281]}