{"comm_times": [0.4653949737548828, 0.29674792289733887, 0.2842574119567871, 0.2850673198699951, 0.27874159812927246, 0.3098294734954834, 0.27199649810791016, 3.5089151859283447, 0.2950315475463867, 0.2949995994567871], "calc_times": [0.0009262561798095703, 0.0009729862213134766, 0.0009944438934326172, 0.0009293556213378906, 0.0009303092956542969, 0.0009024143218994141, 0.0008959770202636719, 0.0009293556213378906, 0.0009212493896484375, 0.0009832382202148438]}