{"comm_times": [0.23651361465454102, 0.33744335174560547, 0.22887277603149414, 0.3371431827545166, 0.23007774353027344, 0.33694958686828613, 0.22932195663452148, 3.573997735977173, 0.22956562042236328, 0.016728878021240234], "calc_times": [0.0027306079864501953, 0.0009033679962158203, 0.0008616447448730469, 0.0009081363677978516, 0.0008642673492431641, 0.0008947849273681641, 0.0009105205535888672, 0.0008897781372070312, 0.0009438991546630859, 0.0009183883666992188]}