{"comm_times": [0.2311687469482422, 0.3338160514831543, 0.22651338577270508, 0.3327465057373047, 0.22606205940246582, 0.3353278636932373, 0.3411865234375, 3.433880090713501, 0.3328976631164551, 0.014216423034667969], "calc_times": [0.0026488304138183594, 0.0009021759033203125, 0.0008907318115234375, 0.0008831024169921875, 0.001188516616821289, 0.0009016990661621094, 0.0009200572967529297, 0.00093841552734375, 0.0009362697601318359, 0.0008893013000488281]}