{"comm_times": [0.33640074729919434, 0.3351554870605469, 0.33411145210266113, 0.23175883293151855, 0.3338489532470703, 0.2279806137084961, 0.33901405334472656, 3.448777198791504, 0.3338441848754883, 0.013083934783935547], "calc_times": [0.0009162425994873047, 0.0009062290191650391, 0.0009236335754394531, 0.0008974075317382812, 0.0009062290191650391, 0.0008864402770996094, 0.0009326934814453125, 0.0009105205535888672, 0.0008842945098876953, 0.0009887218475341797]}