{"comm_times": [0.5435254573822021, 0.22397994995117188, 0.3298003673553467, 0.2240126132965088, 0.3314039707183838, 0.3297231197357178, 0.2234961986541748, 3.5112574100494385, 0.32903146743774414, 0.011898994445800781], "calc_times": [0.00098419189453125, 0.0009453296661376953, 0.0009067058563232422, 0.0008857250213623047, 0.0009870529174804688, 0.0009009838104248047, 0.0008723735809326172, 0.0010089874267578125, 0.0009720325469970703, 0.0009107589721679688]}