{"comm_times": [0.44500112533569336, 0.22731971740722656, 0.33583879470825195, 0.22975492477416992, 0.33954381942749023, 0.22945308685302734, 0.3485982418060303, 3.5559420585632324, 0.22841334342956543, 0.013964653015136719], "calc_times": [0.000949859619140625, 0.0008862018585205078, 0.0008990764617919922, 0.000896453857421875, 0.0009365081787109375, 0.0009014606475830078, 0.0009026527404785156, 0.000919342041015625, 0.0008814334869384766, 0.0008692741394042969]}