{"comm_times": [0.23209142684936523, 0.23006749153137207, 0.3378927707672119, 0.23111271858215332, 0.349071741104126, 0.22973418235778809, 0.3388524055480957, 3.469646692276001, 0.3386094570159912, 0.015445709228515625], "calc_times": [0.004032611846923828, 0.0008761882781982422, 0.000873565673828125, 0.0009324550628662109, 0.000885009765625, 0.00089263916015625, 0.0009274482727050781, 0.0008904933929443359, 0.00093841552734375, 0.0009577274322509766]}