{"comm_times": [0.3367784023284912, 0.22681403160095215, 0.3345034122467041, 0.22992324829101562, 0.33542561531066895, 0.2355966567993164, 0.3343510627746582, 3.540238857269287, 0.22719192504882812, 0.012779474258422852], "calc_times": [0.0028755664825439453, 0.0008933544158935547, 0.0009553432464599609, 0.0009927749633789062, 0.0008707046508789062, 0.0008680820465087891, 0.0009086132049560547, 0.0008623600006103516, 0.0009543895721435547, 0.000993490219116211]}