{"comm_times": [0.3364129066467285, 0.33572864532470703, 0.2283000946044922, 0.3348813056945801, 0.22765469551086426, 0.3339271545410156, 0.33443474769592285, 3.4389872550964355, 0.33408141136169434, 0.013596534729003906], "calc_times": [0.0009260177612304688, 0.0009593963623046875, 0.0009071826934814453, 0.0008914470672607422, 0.0008952617645263672, 0.0009186267852783203, 0.0009391307830810547, 0.0009336471557617188, 0.0009210109710693359, 0.0009627342224121094]}