{"comm_times": [0.442188024520874, 0.22611021995544434, 0.33252429962158203, 0.22548246383666992, 0.3323361873626709, 0.33202242851257324, 0.22579479217529297, 3.5292584896087646, 0.33111000061035156, 0.012364625930786133], "calc_times": [0.0011074542999267578, 0.0008885860443115234, 0.0009322166442871094, 0.000946044921875, 0.0009186267852783203, 0.0009703636169433594, 0.0008866786956787109, 0.0009474754333496094, 0.0008742809295654297, 0.0008711814880371094]}