{"comm_times": [0.3364696502685547, 0.22585058212280273, 0.33205366134643555, 0.22653794288635254, 0.33292388916015625, 0.2258467674255371, 0.33306074142456055, 3.5295047760009766, 0.2258470058441162, 0.012960672378540039], "calc_times": [0.002849578857421875, 0.000865936279296875, 0.0008606910705566406, 0.0008361339569091797, 0.0008594989776611328, 0.0008604526519775391, 0.0008587837219238281, 0.0008754730224609375, 0.0008709430694580078, 0.0008680820465087891]}