{"comm_times": [0.4454076290130615, 0.3339662551879883, 0.22706246376037598, 0.336376428604126, 0.226884126663208, 0.33487701416015625, 0.22712469100952148, 3.5452537536621094, 0.3349173069000244, 0.014191389083862305], "calc_times": [0.0009114742279052734, 0.0009024143218994141, 0.0008828639984130859, 0.0009176731109619141, 0.0009243488311767578, 0.0009562969207763672, 0.0009028911590576172, 0.0008711814880371094, 0.0009024143218994141, 0.0008778572082519531]}