{"comm_times": [0.4459648132324219, 0.22658419609069824, 0.3316183090209961, 0.22698068618774414, 0.3334779739379883, 0.22684884071350098, 0.33447813987731934, 3.542306661605835, 0.22687411308288574, 0.01332712173461914], "calc_times": [0.0008895397186279297, 0.0008578300476074219, 0.0009584426879882812, 0.0008523464202880859, 0.0008487701416015625, 0.000873565673828125, 0.0008881092071533203, 0.0008597373962402344, 0.0008935928344726562, 0.0008671283721923828]}