{"comm_times": [0.23063373565673828, 0.3338747024536133, 0.22669410705566406, 0.33342719078063965, 0.2252030372619629, 0.33240509033203125, 0.22623562812805176, 3.530656576156616, 0.3322579860687256, 0.012549161911010742], "calc_times": [0.0027892589569091797, 0.0009515285491943359, 0.0009396076202392578, 0.0009438991546630859, 0.0009109973907470703, 0.0008897781372070312, 0.000904083251953125, 0.0008893013000488281, 0.0008940696716308594, 0.0008671283721923828]}