{"comm_times": [0.22869586944580078, 0.3327062129974365, 0.22679853439331055, 0.33374929428100586, 0.22636938095092773, 0.3330509662628174, 0.22644591331481934, 3.5306038856506348, 0.33184242248535156, 0.013296365737915039], "calc_times": [0.0026793479919433594, 0.0008668899536132812, 0.0008521080017089844, 0.0009143352508544922, 0.0008594989776611328, 0.0009129047393798828, 0.0008749961853027344, 0.0008616447448730469, 0.0008878707885742188, 0.0008778572082519531]}