{"comm_times": [0.23095440864562988, 0.228759765625, 0.3348379135131836, 0.22807049751281738, 0.33449697494506836, 0.2269728183746338, 0.3340029716491699, 3.5655508041381836, 0.23378539085388184, 0.01537775993347168], "calc_times": [0.002972841262817383, 0.0009043216705322266, 0.0008933544158935547, 0.0009071826934814453, 0.0009918212890625, 0.00089263916015625, 0.0008783340454101562, 0.0009353160858154297, 0.0009107589721679688, 0.0008990764617919922]}