{"comm_times": [0.44631218910217285, 0.33831787109375, 0.230088472366333, 0.33665013313293457, 0.22925615310668945, 0.33621954917907715, 0.2320263385772705, 3.562922954559326, 0.23063993453979492, 0.014478206634521484], "calc_times": [0.001005411148071289, 0.0009622573852539062, 0.0009405612945556641, 0.0009686946868896484, 0.000919342041015625, 0.0009448528289794922, 0.0009305477142333984, 0.0009267330169677734, 0.000989675521850586, 0.0009512901306152344]}