{"comm_times": [0.2335186004638672, 0.33455657958984375, 0.22778773307800293, 0.33555054664611816, 0.2268047332763672, 0.33406734466552734, 0.22852730751037598, 3.5435266494750977, 0.3351771831512451, 0.013559818267822266], "calc_times": [0.002949237823486328, 0.0008409023284912109, 0.0009028911590576172, 0.0008800029754638672, 0.0008857250213623047, 0.0008406639099121094, 0.0008614063262939453, 0.0008678436279296875, 0.0008637905120849609, 0.0008642673492431641]}