{"comm_times": [0.23827862739562988, 0.3334052562713623, 0.22625994682312012, 0.3343503475189209, 0.22681093215942383, 0.33468055725097656, 0.22760462760925293, 3.5469582080841064, 0.33370447158813477, 0.013183355331420898], "calc_times": [0.002635478973388672, 0.0009093284606933594, 0.0008800029754638672, 0.0009505748748779297, 0.000911712646484375, 0.000888824462890625, 0.0009014606475830078, 0.0009286403656005859, 0.0008699893951416016, 0.0009198188781738281]}