{"comm_times": [0.2299208641052246, 0.3328545093536377, 0.22597718238830566, 0.3371284008026123, 0.22647762298583984, 0.3332819938659668, 0.2258148193359375, 3.537114381790161, 0.33165645599365234, 0.012896060943603516], "calc_times": [0.002687215805053711, 0.0009698867797851562, 0.0008938312530517578, 0.0009152889251708984, 0.0008933544158935547, 0.0009217262268066406, 0.0009131431579589844, 0.0009055137634277344, 0.0009567737579345703, 0.0009109973907470703]}