{"comm_times": [0.2329728603363037, 0.33676958084106445, 0.2302103042602539, 0.3354015350341797, 0.22854876518249512, 0.33509063720703125, 0.3372530937194824, 3.4492199420928955, 0.33507657051086426, 0.015245199203491211], "calc_times": [0.0026450157165527344, 0.00089263916015625, 0.0008955001831054688, 0.0009098052978515625, 0.0009396076202392578, 0.0008792877197265625, 0.0008480548858642578, 0.0009129047393798828, 0.0009140968322753906, 0.0008716583251953125]}