{"comm_times": [0.12001991271972656, 0.2236466407775879, 0.3296511173248291, 0.22508788108825684, 0.33088207244873047, 0.33063721656799316, 0.2237567901611328, 3.5166709423065186, 0.329404354095459, 0.011313676834106445], "calc_times": [0.0027093887329101562, 0.0009126663208007812, 0.0009202957153320312, 0.0009136199951171875, 0.0009331703186035156, 0.0009427070617675781, 0.0009179115295410156, 0.0009136199951171875, 0.0008666515350341797, 0.0008985996246337891]}