{"comm_times": [0.23116660118103027, 0.22580385208129883, 0.33169102668762207, 0.2262282371520996, 0.333892822265625, 0.33580780029296875, 0.22816920280456543, 3.537118434906006, 0.3339378833770752, 0.012697935104370117], "calc_times": [0.0027256011962890625, 0.0008275508880615234, 0.0008521080017089844, 0.0008857250213623047, 0.0008554458618164062, 0.0009124279022216797, 0.0008327960968017578, 0.0009057521820068359, 0.0009028911590576172, 0.0008757114410400391]}