{"comm_times": [0.22780513763427734, 0.3297133445739746, 0.22733068466186523, 0.3303508758544922, 0.22400856018066406, 0.3306403160095215, 0.3291046619415283, 3.5111594200134277, 0.22343659400939941, 0.012171506881713867], "calc_times": [0.002679109573364258, 0.0008916854858398438, 0.0008809566497802734, 0.0009381771087646484, 0.0009915828704833984, 0.0009057521820068359, 0.0008876323699951172, 0.0009098052978515625, 0.0009284019470214844, 0.0010235309600830078]}