{"comm_times": [0.44353818893432617, 0.24037814140319824, 0.33737921714782715, 0.23177289962768555, 0.33489036560058594, 0.2277836799621582, 0.33477282524108887, 3.4552483558654785, 0.33723902702331543, 0.014339447021484375], "calc_times": [0.0009679794311523438, 0.0008947849273681641, 0.0008962154388427734, 0.0009236335754394531, 0.0009009838104248047, 0.0008971691131591797, 0.0008997917175292969, 0.0008857250213623047, 0.0008935928344726562, 0.0009067058563232422]}