{"comm_times": [0.23624396324157715, 0.22823762893676758, 0.3336215019226074, 0.2307114601135254, 0.33537769317626953, 0.22768807411193848, 0.33782148361206055, 3.5490996837615967, 0.22783136367797852, 0.01323080062866211], "calc_times": [0.002868175506591797, 0.0008909702301025391, 0.0009360313415527344, 0.0009009838104248047, 0.0009272098541259766, 0.000982522964477539, 0.0008940696716308594, 0.0009021759033203125, 0.0009584426879882812, 0.0009272098541259766]}