{"comm_times": [0.4425225257873535, 0.33304667472839355, 0.3324592113494873, 0.22542881965637207, 0.33107566833496094, 0.22520995140075684, 0.33255720138549805, 3.5286502838134766, 0.22492337226867676, 0.013316631317138672], "calc_times": [0.0008857250213623047, 0.0008783340454101562, 0.0009999275207519531, 0.0009033679962158203, 0.0009253025054931641, 0.0009260177612304688, 0.0009133815765380859, 0.0009543895721435547, 0.0009059906005859375, 0.0008757114410400391]}