{"comm_times": [0.4430375099182129, 0.33241915702819824, 0.22588634490966797, 0.33405637741088867, 0.22786712646484375, 0.33351826667785645, 0.22566461563110352, 3.5364134311676025, 0.3330240249633789, 0.012459278106689453], "calc_times": [0.0009250640869140625, 0.0009458065032958984, 0.0009672641754150391, 0.0009021759033203125, 0.0009157657623291016, 0.0008733272552490234, 0.0010013580322265625, 0.0009763240814208984, 0.0009663105010986328, 0.0009136199951171875]}