{"comm_times": [0.4447164535522461, 0.33509159088134766, 0.22833013534545898, 0.33521199226379395, 0.22850561141967773, 0.33510613441467285, 0.22667622566223145, 3.5457966327667236, 0.22913694381713867, 0.01411294937133789], "calc_times": [0.0009052753448486328, 0.0008409023284912109, 0.0008962154388427734, 0.0009272098541259766, 0.0009033679962158203, 0.0008637905120849609, 0.00083160400390625, 0.0008492469787597656, 0.0009357929229736328, 0.00090789794921875]}