{"comm_times": [0.4443192481994629, 0.33881187438964844, 0.22775745391845703, 0.33529090881347656, 0.2280895709991455, 0.3350541591644287, 0.2280128002166748, 3.555457592010498, 0.3353867530822754, 0.014145612716674805], "calc_times": [0.0008883476257324219, 0.0009226799011230469, 0.0008754730224609375, 0.0009255409240722656, 0.000946044921875, 0.0009074211120605469, 0.0009169578552246094, 0.0009062290191650391, 0.0008988380432128906, 0.0009090900421142578]}