{"comm_times": [0.44148707389831543, 0.3333597183227539, 0.22630095481872559, 0.33440470695495605, 0.22651171684265137, 0.33379411697387695, 0.22690725326538086, 3.5440335273742676, 0.33420348167419434, 0.012920141220092773], "calc_times": [0.0010120868682861328, 0.0008840560913085938, 0.0009341239929199219, 0.0008823871612548828, 0.0008733272552490234, 0.0008935928344726562, 0.0009343624114990234, 0.0009026527404785156, 0.0009124279022216797, 0.0009167194366455078]}