{"comm_times": [0.4494457244873047, 0.3396162986755371, 0.2315073013305664, 0.23130393028259277, 0.3397796154022217, 0.23090887069702148, 0.34413814544677734, 3.4750540256500244, 0.34007716178894043, 0.014853954315185547], "calc_times": [0.0009031295776367188, 0.0008742809295654297, 0.0008704662322998047, 0.0009007453918457031, 0.0009884834289550781, 0.0009014606475830078, 0.0008940696716308594, 0.0009021759033203125, 0.0009403228759765625, 0.0008878707885742188]}