{"comm_times": [0.15438342094421387, 0.13758158683776855, 0.1161959171295166, 0.12323379516601562, 0.12226676940917969, 0.11226105690002441, 0.13168954849243164, 0.10960102081298828, 0.11950039863586426, 0.49591493606567383], "calc_times": [0.0009989738464355469, 0.0008983612060546875, 0.0008912086486816406, 0.00087738037109375, 0.0008807182312011719, 0.0009100437164306641, 0.0009202957153320312, 0.0008943080902099609, 0.000904083251953125, 0.0009090900421142578]}