{"comm_times": [0.22908902168273926, 0.12080168724060059, 0.12060976028442383, 0.12121725082397461, 0.12098932266235352, 0.12267804145812988, 0.12116789817810059, 0.12094902992248535, 0.1213521957397461, 0.014133930206298828], "calc_times": [0.0008800029754638672, 0.0009646415710449219, 0.0008790493011474609, 0.0009272098541259766, 0.0008876323699951172, 0.001003265380859375, 0.0009112358093261719, 0.0009019374847412109, 0.0009191036224365234, 0.0009183883666992188]}