{"comm_times": [0.12385392189025879, 0.12188553810119629, 0.12074756622314453, 0.12210941314697266, 0.12157106399536133, 0.12206888198852539, 0.12134170532226562, 0.12358450889587402, 0.12185430526733398, 0.014114856719970703], "calc_times": [0.0009362697601318359, 0.0008945465087890625, 0.0009715557098388672, 0.0009872913360595703, 0.0009062290191650391, 0.0009319782257080078, 0.0008840560913085938, 0.0009143352508544922, 0.0008852481842041016, 0.0008947849273681641]}