{"comm_times": [0.12075352668762207, 0.11844205856323242, 0.11841487884521484, 0.11872196197509766, 0.11888670921325684, 0.11964988708496094, 0.1188356876373291, 0.11884856224060059, 0.11842894554138184, 0.011816978454589844], "calc_times": [0.0009765625, 0.0008890628814697266, 0.0009217262268066406, 0.0008695125579833984, 0.0009055137634277344, 0.0009450912475585938, 0.0009205341339111328, 0.0008938312530517578, 0.0009226799011230469, 0.0009410381317138672]}