{"comm_times": [0.5209896564483643, 0.502333402633667, 0.5311856269836426, 3.7484548091888428, 11.42304515838623, 13.088347673416138, 26.801888465881348, 3.797969341278076, 0.4955122470855713, 4.741760730743408], "calc_times": [0.0028569698333740234, 0.0009217262268066406, 0.0008718967437744141, 0.0008711814880371094, 0.0008614063262939453, 0.0008456707000732422, 0.0008661746978759766, 0.001055002212524414, 0.0009984970092773438, 0.0009114742279052734]}