{"comm_times": [0.5500757694244385, 0.44042086601257324, 0.5452368259429932, 14.770569562911987, 0.4398636817932129, 13.056918621063232, 0.012631654739379883, 0.013131380081176758, 33.26573824882507, 0.013953685760498047], "calc_times": [0.002980947494506836, 0.0009467601776123047, 0.0009348392486572266, 0.0009016990661621094, 0.0008611679077148438, 0.0009410381317138672, 0.0009629726409912109, 0.0008344650268554688, 0.0008664131164550781, 0.0009272098541259766]}