{"comm_times": [0.44636964797973633, 0.5471317768096924, 0.5549564361572266, 14.670076370239258, 0.43955206871032715, 13.06408429145813, 0.013431072235107422, 0.013205528259277344, 33.60670351982117, 0.013875484466552734], "calc_times": [0.0031137466430664062, 0.000873565673828125, 0.00089263916015625, 0.0008718967437744141, 0.0009698867797851562, 0.001032114028930664, 0.0008664131164550781, 0.0008320808410644531, 0.0007920265197753906, 0.0010192394256591797]}