{"comm_times": [0.5543403625488281, 0.44374561309814453, 0.5517082214355469, 14.89161992073059, 12.850056409835815, 26.211888074874878, 1.6135892868041992, 0.014486312866210938, 4.08319091796875, 0.014044523239135742], "calc_times": [0.002905130386352539, 0.0009641647338867188, 0.0009167194366455078, 0.0009293556213378906, 0.0008661746978759766, 0.0009121894836425781, 0.0008800029754638672, 0.0009808540344238281, 0.0008270740509033203, 0.0008966922760009766]}