{"comm_times": [0.5483241081237793, 0.43785715103149414, 0.5497510433197021, 14.769088983535767, 0.43785595893859863, 13.057983160018921, 0.01330113410949707, 0.012901544570922852, 33.38075494766235, 0.012580633163452148], "calc_times": [0.003078460693359375, 0.0009357929229736328, 0.0010085105895996094, 0.0008809566497802734, 0.0009770393371582031, 0.0008761882781982422, 0.0009033679962158203, 0.0008790493011474609, 0.0008425712585449219, 0.0008780956268310547]}