{"comm_times": [0.5509817600250244, 0.5487587451934814, 0.44573521614074707, 14.775221347808838, 0.43975067138671875, 13.059438467025757, 0.013892412185668945, 0.012796640396118164, 33.59411931037903, 0.013907432556152344], "calc_times": [0.0029418468475341797, 0.0009152889251708984, 0.0009174346923828125, 0.0009176731109619141, 0.0009491443634033203, 0.0008840560913085938, 0.0008771419525146484, 0.0008730888366699219, 0.0008375644683837891, 0.0009860992431640625]}