{"comm_times": [0.5455923080444336, 0.5433015823364258, 0.4418151378631592, 14.765433073043823, 0.4362211227416992, 13.06361722946167, 0.011532306671142578, 0.01141214370727539, 33.26107954978943, 0.01460719108581543], "calc_times": [0.0030622482299804688, 0.0008769035339355469, 0.0008676052093505859, 0.0009529590606689453, 0.0008714199066162109, 0.0008728504180908203, 0.0009310245513916016, 0.0008203983306884766, 0.0008544921875, 0.0009028911590576172]}