{"comm_times": [0.44747042655944824, 0.5478076934814453, 0.5483460426330566, 14.7814040184021, 0.335385799407959, 13.169569730758667, 0.014554500579833984, 0.013423442840576172, 33.1929292678833, 0.014039039611816406], "calc_times": [0.0029096603393554688, 0.0008938312530517578, 0.0008931159973144531, 0.0009448528289794922, 0.0008702278137207031, 0.0008502006530761719, 0.00090789794921875, 0.0008606910705566406, 0.0008559226989746094, 0.0009338855743408203]}