{"comm_times": [0.5477807521820068, 0.5453126430511475, 0.5466101169586182, 14.7998526096344, 12.849117755889893, 0.5450758934020996, 0.012944936752319336, 0.012582063674926758, 33.276920318603516, 0.013132810592651367], "calc_times": [0.0029036998748779297, 0.0008745193481445312, 0.0008914470672607422, 0.0008797645568847656, 0.0009012222290039062, 0.0009810924530029297, 0.0008981227874755859, 0.0008747577667236328, 0.0008327960968017578, 0.0008950233459472656]}