{"comm_times": [0.5486693382263184, 0.4396381378173828, 0.5482907295227051, 14.776360988616943, 0.44155406951904297, 13.067933559417725, 0.013542652130126953, 0.013839483261108398, 33.284905195236206, 0.013380050659179688], "calc_times": [0.002900838851928711, 0.0009086132049560547, 0.0009362697601318359, 0.0008709430694580078, 0.0008761882781982422, 0.0008828639984130859, 0.0008759498596191406, 0.0008938312530517578, 0.0008008480072021484, 0.0009129047393798828]}