{"comm_times": [0.4395143985748291, 0.5406241416931152, 0.542158842086792, 14.755720138549805, 0.4359006881713867, 13.05690050125122, 0.011558055877685547, 0.010786056518554688, 33.685378074645996, 0.01278543472290039], "calc_times": [0.002946138381958008, 0.0008606910705566406, 0.0009527206420898438, 0.0009293556213378906, 0.0009059906005859375, 0.0008556842803955078, 0.0009036064147949219, 0.0008614063262939453, 0.0008358955383300781, 0.0008766651153564453]}