{"comm_times": [0.4387967586517334, 0.5505528450012207, 0.541172981262207, 14.645139694213867, 13.374219417572021, 0.22342205047607422, 0.012360572814941406, 0.011801719665527344, 33.471057653427124, 0.011749744415283203], "calc_times": [0.0029442310333251953, 0.0008802413940429688, 0.000896453857421875, 0.0008819103240966797, 0.0009553432464599609, 0.0009081363677978516, 0.0009169578552246094, 0.0008215904235839844, 0.0007975101470947266, 0.0008289813995361328]}