{"comm_times": [0.546302318572998, 0.4380805492401123, 0.5453479290008545, 14.761323690414429, 0.43871188163757324, 13.058501482009888, 0.015802383422851562, 0.012842655181884766, 33.69785690307617, 0.012379169464111328], "calc_times": [0.002977609634399414, 0.0008661746978759766, 0.0008921623229980469, 0.0009279251098632812, 0.0009133815765380859, 0.0008826255798339844, 0.0008618831634521484, 0.0008420944213867188, 0.0009045600891113281, 0.0008611679077148438]}