{"comm_times": [0.4495530128479004, 0.55263352394104, 0.4464864730834961, 14.69255256652832, 13.401020288467407, 0.23100519180297852, 0.01574540138244629, 0.015125751495361328, 33.22376489639282, 0.02497553825378418], "calc_times": [0.0030655860900878906, 0.0009150505065917969, 0.0008854866027832031, 0.0009264945983886719, 0.000881195068359375, 0.0009493827819824219, 0.0008890628814697266, 0.0008785724639892578, 0.0008606910705566406, 0.0008814334869384766]}