{"comm_times": [0.5523810386657715, 0.5483067035675049, 0.4401249885559082, 14.773311853408813, 0.4405231475830078, 13.063131332397461, 0.013163566589355469, 0.013471364974975586, 33.392868518829346, 0.012450218200683594], "calc_times": [0.0029227733612060547, 0.0009174346923828125, 0.0008838176727294922, 0.0008709430694580078, 0.0009527206420898438, 0.000896453857421875, 0.0008835792541503906, 0.0008542537689208984, 0.0007767677307128906, 0.0009179115295410156]}