{"comm_times": [0.5516824722290039, 0.4451718330383301, 0.5506219863891602, 14.898399591445923, 12.859167098999023, 26.209744930267334, 1.6092908382415771, 0.013384103775024414, 6.858532428741455, 0.013722658157348633], "calc_times": [0.003159761428833008, 0.0009152889251708984, 0.00090789794921875, 0.0009005069732666016, 0.0008859634399414062, 0.0009522438049316406, 0.0008707046508789062, 0.0009062290191650391, 0.000865936279296875, 0.00089263916015625]}