{"comm_times": [0.44450807571411133, 0.5553791522979736, 0.5511698722839355, 14.787525415420532, 0.3363509178161621, 13.072154998779297, 25.681196928024292, 1.6158077716827393, 4.084018230438232, 0.01428365707397461], "calc_times": [0.0029015541076660156, 0.0009160041809082031, 0.0009608268737792969, 0.0009171962738037109, 0.0009052753448486328, 0.0009341239929199219, 0.0009484291076660156, 0.0008726119995117188, 0.0008807182312011719, 0.0008912086486816406]}