{"comm_times": [0.5517246723175049, 0.4418942928314209, 0.549180269241333, 14.795676231384277, 0.3418266773223877, 13.17265272140503, 0.013880252838134766, 0.016324281692504883, 34.272555351257324, 1.6122207641601562], "calc_times": [0.0028772354125976562, 0.0008790493011474609, 0.0008897781372070312, 0.0009381771087646484, 0.0009047985076904297, 0.0008759498596191406, 0.000919342041015625, 0.0008401870727539062, 0.0008559226989746094, 0.0010466575622558594]}