{"comm_times": [0.4430079460144043, 0.5458498001098633, 0.5446798801422119, 14.656060218811035, 0.43956637382507324, 13.16125774383545, 0.013328790664672852, 0.013946294784545898, 33.26240277290344, 0.012782573699951172], "calc_times": [0.003167390823364258, 0.0009212493896484375, 0.000827789306640625, 0.0008432865142822266, 0.0008721351623535156, 0.0008625984191894531, 0.0008957386016845703, 0.0008599758148193359, 0.0008482933044433594, 0.0008647441864013672]}