{"comm_times": [0.4478113651275635, 0.553541898727417, 0.5480997562408447, 14.821449518203735, 12.859803915023804, 26.210096836090088, 1.6123745441436768, 0.014821052551269531, 6.859848499298096, 0.013925552368164062], "calc_times": [0.0029175281524658203, 0.0009570121765136719, 0.0008742809295654297, 0.0009164810180664062, 0.0008797645568847656, 0.0008859634399414062, 0.0008728504180908203, 0.0009431838989257812, 0.0008695125579833984, 0.0008945465087890625]}