{"comm_times": [0.446683406829834, 0.5487020015716553, 0.552370548248291, 14.778504371643066, 0.335477352142334, 13.064260721206665, 25.670017957687378, 1.6104185581207275, 4.183000802993774, 0.014164447784423828], "calc_times": [0.0030035972595214844, 0.0009138584136962891, 0.0008504390716552734, 0.00091552734375, 0.0008873939514160156, 0.0008881092071533203, 0.0009469985961914062, 0.0009121894836425781, 0.0008945465087890625, 0.0008757114410400391]}