{"comm_times": [0.5535247325897217, 0.5478332042694092, 0.4407377243041992, 14.790016889572144, 0.44228124618530273, 13.070152521133423, 0.014525651931762695, 0.01403665542602539, 33.29322075843811, 0.014346837997436523], "calc_times": [0.0029180049896240234, 0.0008771419525146484, 0.0008978843688964844, 0.0008666515350341797, 0.0009562969207763672, 0.00084686279296875, 0.0009150505065917969, 0.0008361339569091797, 0.0008678436279296875, 0.0008647441864013672]}