{"comm_times": [0.449721097946167, 0.5521671772003174, 0.5540673732757568, 14.368349552154541, 13.394114017486572, 0.444608211517334, 0.01412343978881836, 0.013954877853393555, 34.24202871322632, 1.623396873474121], "calc_times": [0.002912759780883789, 0.0009062290191650391, 0.0009200572967529297, 0.00089263916015625, 0.0009171962738037109, 0.0009059906005859375, 0.0008635520935058594, 0.0007841587066650391, 0.0008299350738525391, 0.0008749961853027344]}