{"comm_times": [0.5544989109039307, 0.4413912296295166, 0.5483417510986328, 14.886227130889893, 12.853346586227417, 0.4617955684661865, 0.0154876708984375, 0.013932943344116211, 34.128971576690674, 0.013036489486694336], "calc_times": [0.002892732620239258, 0.0009801387786865234, 0.0008785724639892578, 0.0009057521820068359, 0.0009565353393554688, 0.0009157657623291016, 0.0008890628814697266, 0.0008490085601806641, 0.0008273124694824219, 0.000865936279296875]}