{"comm_times": [0.551516056060791, 0.4560081958770752, 0.5478272438049316, 14.780958414077759, 0.4397411346435547, 13.064440727233887, 0.013531684875488281, 0.01340341567993164, 33.28243088722229, 0.013683319091796875], "calc_times": [0.0030045509338378906, 0.0009334087371826172, 0.0009005069732666016, 0.0008952617645263672, 0.0009479522705078125, 0.0008935928344726562, 0.0009596347808837891, 0.0008289813995361328, 0.0008232593536376953, 0.0009291172027587891]}