{"comm_times": [0.5564820766448975, 0.4434034824371338, 0.5508079528808594, 14.791699171066284, 0.33711862564086914, 13.174340724945068, 0.01510167121887207, 0.013697624206542969, 33.722646713256836, 0.015129327774047852], "calc_times": [0.002907991409301758, 0.0008742809295654297, 0.0008873939514160156, 0.0009160041809082031, 0.0010228157043457031, 0.0008988380432128906, 0.0008742809295654297, 0.0008585453033447266, 0.0008594989776611328, 0.0009183883666992188]}