{"comm_times": [0.44347238540649414, 0.546271800994873, 0.44224095344543457, 14.793616533279419, 0.43949294090270996, 13.059856653213501, 0.013525009155273438, 0.012703180313110352, 33.298304319381714, 0.013153076171875], "calc_times": [0.0029265880584716797, 0.0008943080902099609, 0.0008907318115234375, 0.0008628368377685547, 0.0009274482727050781, 0.0010573863983154297, 0.0009081363677978516, 0.0008096694946289062, 0.0008327960968017578, 0.0009617805480957031]}