{"comm_times": [0.44051051139831543, 0.5459384918212891, 0.5474789142608643, 14.773006916046143, 0.3324623107910156, 13.169734954833984, 0.0132293701171875, 0.013321399688720703, 33.38485765457153, 0.012952566146850586], "calc_times": [0.003222942352294922, 0.0009086132049560547, 0.0008924007415771484, 0.0009016990661621094, 0.0009737014770507812, 0.000896453857421875, 0.0009222030639648438, 0.0009446144104003906, 0.0009360313415527344, 0.0009591579437255859]}