{"comm_times": [0.5513765811920166, 0.4435598850250244, 0.5495219230651855, 14.775794506072998, 0.44132399559020996, 13.06351613998413, 0.014182806015014648, 0.015457391738891602, 33.59934687614441, 0.013627052307128906], "calc_times": [0.0028145313262939453, 0.0008854866027832031, 0.0009021759033203125, 0.0009293556213378906, 0.0009210109710693359, 0.0009133815765380859, 0.0009281635284423828, 0.0008780956268310547, 0.000911712646484375, 0.0009081363677978516]}