{"comm_times": [0.22699689865112305, 0.542557954788208, 0.5420196056365967, 14.647671699523926, 0.43549084663391113, 13.16100788116455, 0.011701583862304688, 0.012736320495605469, 33.584553241729736, 0.01442098617553711], "calc_times": [0.0029075145721435547, 0.0009112358093261719, 0.0008933544158935547, 0.0008683204650878906, 0.0008640289306640625, 0.0009000301361083984, 0.0008969306945800781, 0.0008516311645507812, 0.0008649826049804688, 0.0009026527404785156]}