{"comm_times": [0.44262218475341797, 0.5469951629638672, 0.5485951900482178, 14.767905950546265, 0.43703651428222656, 13.057852745056152, 0.013930320739746094, 0.013276815414428711, 33.59776568412781, 0.012976646423339844], "calc_times": [0.0028891563415527344, 0.0008966922760009766, 0.0009207725524902344, 0.0008816719055175781, 0.0008780956268310547, 0.0008833408355712891, 0.0009005069732666016, 0.0008618831634521484, 0.0008635520935058594, 0.0008816719055175781]}