{"comm_times": [0.4392082691192627, 0.5425653457641602, 0.5412395000457764, 14.752181053161621, 0.4367382526397705, 13.060530185699463, 0.013195991516113281, 0.013075113296508789, 34.11213946342468, 0.01209568977355957], "calc_times": [0.0028793811798095703, 0.0009281635284423828, 0.000885009765625, 0.0009164810180664062, 0.0008780956268310547, 0.0008611679077148438, 0.0009291172027587891, 0.0008771419525146484, 0.0008924007415771484, 0.0008947849273681641]}