{"comm_times": [0.45069217681884766, 0.5557639598846436, 0.4460434913635254, 14.369120359420776, 0.8790633678436279, 13.072852611541748, 0.015283346176147461, 0.015278339385986328, 33.30455946922302, 0.016205549240112305], "calc_times": [0.0029926300048828125, 0.0009205341339111328, 0.0009551048278808594, 0.00093841552734375, 0.0009050369262695312, 0.00089263916015625, 0.0009238719940185547, 0.0008726119995117188, 0.000873565673828125, 0.0010008811950683594]}