{"comm_times": [0.44382357597351074, 0.5502400398254395, 0.5489389896392822, 14.793370008468628, 0.3386373519897461, 13.068050146102905, 25.67526078224182, 1.6248724460601807, 6.864331007003784, 0.015482187271118164], "calc_times": [0.0031027793884277344, 0.0008695125579833984, 0.0009634494781494141, 0.0009453296661376953, 0.0009052753448486328, 0.0008878707885742188, 0.0008988380432128906, 0.0009245872497558594, 0.00087738037109375, 0.0009107589721679688]}