{"comm_times": [0.44237709045410156, 0.5432584285736084, 0.5451562404632568, 14.765545845031738, 0.4368319511413574, 13.061641454696655, 0.012664079666137695, 0.01186060905456543, 33.703261375427246, 0.012646913528442383], "calc_times": [0.0029306411743164062, 0.0008771419525146484, 0.0009081363677978516, 0.0009007453918457031, 0.0009429454803466797, 0.0009114742279052734, 0.0009527206420898438, 0.0008475780487060547, 0.0008177757263183594, 0.0009171962738037109]}