{"comm_times": [0.546898603439331, 0.4387800693511963, 0.5454425811767578, 14.452946186065674, 13.379104137420654, 0.440765380859375, 0.013423919677734375, 0.013893604278564453, 34.13363552093506, 0.013062238693237305], "calc_times": [0.0031707286834716797, 0.0009315013885498047, 0.0009508132934570312, 0.0009171962738037109, 0.0009577274322509766, 0.0009288787841796875, 0.0009033679962158203, 0.0009603500366210938, 0.0009095668792724609, 0.0008845329284667969]}