{"comm_times": [0.43768835067749023, 0.5416150093078613, 0.5427227020263672, 14.758896112442017, 0.43607091903686523, 13.054190397262573, 0.011769294738769531, 0.011057138442993164, 33.25547528266907, 0.012231588363647461], "calc_times": [0.0028264522552490234, 0.0009369850158691406, 0.0008921623229980469, 0.0008952617645263672, 0.0009102821350097656, 0.0008451938629150391, 0.0008835792541503906, 0.0008320808410644531, 0.0008440017700195312, 0.0008814334869384766]}