{"comm_times": [0.5494880676269531, 0.44067955017089844, 0.5453529357910156, 14.878740549087524, 12.858327388763428, 0.5460827350616455, 0.012745857238769531, 0.014588594436645508, 33.279447078704834, 0.013327598571777344], "calc_times": [0.0031681060791015625, 0.0008625984191894531, 0.0011289119720458984, 0.0008769035339355469, 0.0008687973022460938, 0.0008649826049804688, 0.0009217262268066406, 0.0009524822235107422, 0.0009543895721435547, 0.0008931159973144531]}