{"comm_times": [0.4442713260650635, 0.5726895332336426, 0.5519115924835205, 14.781749486923218, 0.33509278297424316, 13.069437980651855, 25.68150281906128, 1.617379903793335, 6.869799852371216, 0.013854026794433594], "calc_times": [0.0029630661010742188, 0.0009243488311767578, 0.0009272098541259766, 0.0008988380432128906, 0.0009648799896240234, 0.0008955001831054688, 0.0008950233459472656, 0.0009322166442871094, 0.0009393692016601562, 0.0009162425994873047]}