{"comm_times": [0.4412667751312256, 0.547309160232544, 0.5452690124511719, 14.665289163589478, 0.445587158203125, 13.06136679649353, 0.013314962387084961, 0.012948751449584961, 33.70894241333008, 0.013429403305053711], "calc_times": [0.0030672550201416016, 0.0008907318115234375, 0.000946044921875, 0.0009474754333496094, 0.0009250640869140625, 0.0008742809295654297, 0.0008823871612548828, 0.0008990764617919922, 0.0008780956268310547, 0.0009233951568603516]}