{"comm_times": [0.4427645206451416, 0.5459060668945312, 0.572378396987915, 14.660403490066528, 0.43796730041503906, 13.166724443435669, 0.012879133224487305, 0.012549638748168945, 33.273367166519165, 0.012547492980957031], "calc_times": [0.0030057430267333984, 0.0008881092071533203, 0.0008924007415771484, 0.0008742809295654297, 0.00089263916015625, 0.0008823871612548828, 0.0010287761688232422, 0.0008656978607177734, 0.0008435249328613281, 0.0009412765502929688]}