{"comm_times": [0.4406778812408447, 0.5459475517272949, 0.5650572776794434, 14.659732580184937, 0.438831090927124, 13.0615873336792, 0.011704683303833008, 0.012020349502563477, 33.729015827178955, 0.012770891189575195], "calc_times": [0.0028955936431884766, 0.0008516311645507812, 0.0009140968322753906, 0.0008862018585205078, 0.0008542537689208984, 0.0008771419525146484, 0.0008590221405029297, 0.0007750988006591797, 0.0007495880126953125, 0.0009188652038574219]}