{"comm_times": [0.4456014633178711, 0.5485341548919678, 0.5469415187835693, 14.779137372970581, 0.3349192142486572, 13.066463708877563, 25.675771236419678, 1.6128149032592773, 6.861396074295044, 0.013557910919189453], "calc_times": [0.0031905174255371094, 0.0009200572967529297, 0.0009274482727050781, 0.0009365081787109375, 0.0009872913360595703, 0.0009481906890869141, 0.0008966922760009766, 0.0008602142333984375, 0.0008757114410400391, 0.0008869171142578125]}