{"comm_times": [0.5450468063354492, 0.4441556930541992, 0.543654203414917, 14.75815749168396, 0.4369802474975586, 13.060118675231934, 0.012379169464111328, 0.01249551773071289, 33.47817134857178, 0.01203465461730957], "calc_times": [0.0030019283294677734, 0.0009238719940185547, 0.0009405612945556641, 0.0009014606475830078, 0.0008985996246337891, 0.0008592605590820312, 0.0009331703186035156, 0.0008678436279296875, 0.0008873939514160156, 0.0009014606475830078]}