{"comm_times": [0.5493900775909424, 0.44355130195617676, 0.5448026657104492, 14.87951135635376, 12.849815607070923, 0.5471301078796387, 0.012359380722045898, 0.012719154357910156, 33.59585094451904, 0.020617246627807617], "calc_times": [0.002821207046508789, 0.0009143352508544922, 0.0009105205535888672, 0.0008680820465087891, 0.0008749961853027344, 0.0008866786956787109, 0.0008809566497802734, 0.0009093284606933594, 0.0009169578552246094, 0.0009222030639648438]}