{"comm_times": [0.5501079559326172, 0.4421679973602295, 0.5509982109069824, 14.342612028121948, 0.8654680252075195, 13.062212228775024, 25.66596031188965, 1.6093173027038574, 6.858761787414551, 0.014324665069580078], "calc_times": [0.0031049251556396484, 0.0008687973022460938, 0.0008466243743896484, 0.000888824462890625, 0.0008647441864013672, 0.0009233951568603516, 0.0008528232574462891, 0.0008857250213623047, 0.0009014606475830078, 0.0008790493011474609]}