{"comm_times": [0.5547778606414795, 0.4447188377380371, 0.5465190410614014, 14.349470615386963, 0.8683459758758545, 13.062346458435059, 25.670355558395386, 1.6087071895599365, 6.858931541442871, 0.013311386108398438], "calc_times": [0.0030362606048583984, 0.0009362697601318359, 0.0009145736694335938, 0.0009000301361083984, 0.00090789794921875, 0.0009257793426513672, 0.0009443759918212891, 0.0008695125579833984, 0.0008940696716308594, 0.0009407997131347656]}