{"comm_times": [0.4436471462249756, 0.5456991195678711, 0.5471937656402588, 14.340572834014893, 13.38346791267395, 26.206467866897583, 1.623039722442627, 0.013430118560791016, 6.865015506744385, 1.6130342483520508], "calc_times": [0.0029473304748535156, 0.0009031295776367188, 0.0008771419525146484, 0.0008664131164550781, 0.0009102821350097656, 0.0008816719055175781, 0.0008847713470458984, 0.0008816719055175781, 0.000873565673828125, 0.00089263916015625]}