{"comm_times": [0.5533790588378906, 0.444612979888916, 0.5512473583221436, 14.689405918121338, 0.4432973861694336, 13.176240921020508, 0.01455545425415039, 0.013964414596557617, 33.532984018325806, 0.01446223258972168], "calc_times": [0.003505706787109375, 0.0008759498596191406, 0.0009257793426513672, 0.0008745193481445312, 0.0008890628814697266, 0.000885009765625, 0.0008754730224609375, 0.0008857250213623047, 0.0008518695831298828, 0.00087738037109375]}