{"comm_times": [0.4480452537536621, 0.5494067668914795, 0.5487115383148193, 14.778480768203735, 0.334291934967041, 13.099857330322266, 25.670652389526367, 1.6091933250427246, 6.857337713241577, 0.014142274856567383], "calc_times": [0.0028171539306640625, 0.0008778572082519531, 0.0009171962738037109, 0.0008647441864013672, 0.0009171962738037109, 0.0009920597076416016, 0.00087738037109375, 0.000942230224609375, 0.0008578300476074219, 0.0009732246398925781]}