{"comm_times": [0.44274234771728516, 0.54534912109375, 0.5460989475250244, 14.76863408088684, 0.440704345703125, 13.063024520874023, 0.013534307479858398, 0.014622926712036133, 33.59926152229309, 0.01298379898071289], "calc_times": [0.00293731689453125, 0.000949859619140625, 0.0009324550628662109, 0.0009052753448486328, 0.0009717941284179688, 0.0008940696716308594, 0.0009071826934814453, 0.0008895397186279297, 0.0009484291076660156, 0.0009412765502929688]}