{"comm_times": [0.4394950866699219, 0.5432741641998291, 0.5449552536010742, 14.763850450515747, 0.43776965141296387, 13.06080412864685, 0.01259922981262207, 0.012849092483520508, 33.27140522003174, 0.012459516525268555], "calc_times": [0.0028226375579833984, 0.0009133815765380859, 0.0008809566497802734, 0.001268625259399414, 0.0009088516235351562, 0.0009276866912841797, 0.0009427070617675781, 0.0008399486541748047, 0.0009131431579589844, 0.0009140968322753906]}