{"comm_times": [0.4478166103363037, 0.5550580024719238, 0.44510793685913086, 14.78779411315918, 0.4447445869445801, 13.068592071533203, 0.0153350830078125, 0.017266511917114258, 33.30043268203735, 0.014551877975463867], "calc_times": [0.0029420852661132812, 0.0008604526519775391, 0.0008568763732910156, 0.0008995532989501953, 0.0008678436279296875, 0.000896453857421875, 0.0009174346923828125, 0.0008947849273681641, 0.0008699893951416016, 0.000904083251953125]}