{"comm_times": [0.5461461544036865, 0.5445787906646729, 0.43825316429138184, 14.765870571136475, 0.43814992904663086, 13.063655138015747, 0.012579679489135742, 0.01187753677368164, 33.6959912776947, 0.012019872665405273], "calc_times": [0.0030443668365478516, 0.0009112358093261719, 0.0008680820465087891, 0.0008573532104492188, 0.0009560585021972656, 0.0008795261383056641, 0.0008590221405029297, 0.0008313655853271484, 0.0008699893951416016, 0.0008680820465087891]}