{"comm_times": [0.4421095848083496, 0.5450716018676758, 0.5459423065185547, 14.767121076583862, 0.3321049213409424, 13.170853614807129, 0.013660669326782227, 0.013193845748901367, 33.27951645851135, 0.012805461883544922], "calc_times": [0.0029022693634033203, 0.0009055137634277344, 0.0008907318115234375, 0.0009531974792480469, 0.0009250640869140625, 0.0008785724639892578, 0.0008916854858398438, 0.0009310245513916016, 0.0009553432464599609, 0.0009169578552246094]}