{"comm_times": [0.5531105995178223, 0.4404900074005127, 0.5467898845672607, 14.683017253875732, 13.385083198547363, 0.22669100761413574, 0.013584136962890625, 0.014281272888183594, 33.71644377708435, 0.013327836990356445], "calc_times": [0.003123044967651367, 0.0009415149688720703, 0.0008685588836669922, 0.0009055137634277344, 0.0008907318115234375, 0.0009486675262451172, 0.0009436607360839844, 0.0008914470672607422, 0.0008687973022460938, 0.0008912086486816406]}