{"comm_times": [0.5569455623626709, 0.45498013496398926, 0.5597810745239258, 14.694539070129395, 0.44417905807495117, 13.072679996490479, 0.015095710754394531, 0.014653444290161133, 34.07989287376404, 0.0156710147857666], "calc_times": [0.002763986587524414, 0.0008549690246582031, 0.0008573532104492188, 0.0008425712585449219, 0.000835418701171875, 0.0008432865142822266, 0.0009136199951171875, 0.0008707046508789062, 0.0008060932159423828, 0.0008678436279296875]}