{"comm_times": [0.446277379989624, 0.5467269420623779, 0.5521972179412842, 14.66666555404663, 13.381283044815063, 0.22603559494018555, 0.013496875762939453, 0.013238191604614258, 33.27619957923889, 0.013408899307250977], "calc_times": [0.0030493736267089844, 0.0009098052978515625, 0.0010581016540527344, 0.0009391307830810547, 0.0009913444519042969, 0.0008568763732910156, 0.0008838176727294922, 0.0008566379547119141, 0.0008745193481445312, 0.0008978843688964844]}