{"comm_times": [0.454500675201416, 0.5480742454528809, 0.5550031661987305, 14.298537492752075, 13.387696743011475, 26.215821027755737, 1.6160504817962646, 0.013133049011230469, 6.860203981399536, 0.012270212173461914], "calc_times": [0.0030329227447509766, 0.0008547306060791016, 0.0008366107940673828, 0.0008795261383056641, 0.0008666515350341797, 0.0008525848388671875, 0.0009250640869140625, 0.0008547306060791016, 0.0007638931274414062, 0.0008523464202880859]}