{"comm_times": [0.33560705184936523, 0.5532729625701904, 0.5487239360809326, 14.660491228103638, 0.43877720832824707, 13.166279077529907, 0.013209342956542969, 0.012965202331542969, 33.60220265388489, 0.02652144432067871], "calc_times": [0.003153085708618164, 0.0009810924530029297, 0.0008952617645263672, 0.00091552734375, 0.0008847713470458984, 0.0008730888366699219, 0.0008993148803710938, 0.0007722377777099609, 0.0007791519165039062, 0.0009174346923828125]}