{"comm_times": [0.44388437271118164, 0.5476765632629395, 0.5465662479400635, 14.780915021896362, 0.33394455909729004, 13.174451351165771, 0.013408899307250977, 0.012945175170898438, 33.177682876586914, 0.01332235336303711], "calc_times": [0.0031507015228271484, 0.0008738040924072266, 0.0008423328399658203, 0.0008857250213623047, 0.0008721351623535156, 0.0009090900421142578, 0.0008852481842041016, 0.0008306503295898438, 0.0008697509765625, 0.0009226799011230469]}