{"comm_times": [0.5567348003387451, 0.4442324638366699, 0.549964427947998, 14.683353185653687, 0.44617724418640137, 13.069302320480347, 0.01404881477355957, 0.014034748077392578, 33.72193956375122, 0.014725208282470703], "calc_times": [0.002803325653076172, 0.0009002685546875, 0.0008959770202636719, 0.0009162425994873047, 0.0008862018585205078, 0.0008625984191894531, 0.0008556842803955078, 0.0008530616760253906, 0.0008666515350341797, 0.0010454654693603516]}