{"comm_times": [0.22634100914001465, 0.5441820621490479, 0.5432422161102295, 14.641640186309814, 0.4358632564544678, 13.157192707061768, 0.012120962142944336, 0.013005971908569336, 33.57645320892334, 0.011944293975830078], "calc_times": [0.0029706954956054688, 0.0009047985076904297, 0.001194000244140625, 0.0009071826934814453, 0.0008661746978759766, 0.0009081363677978516, 0.0008616447448730469, 0.0008513927459716797, 0.0008847713470458984, 0.0010502338409423828]}