{"comm_times": [0.5517435073852539, 0.5486674308776855, 0.4401223659515381, 14.888736009597778, 12.853535652160645, 26.20732045173645, 1.6149392127990723, 0.013133525848388672, 6.8614184856414795, 0.014148473739624023], "calc_times": [0.0031020641326904297, 0.0008859634399414062, 0.0009760856628417969, 0.0008633136749267578, 0.0008418560028076172, 0.0009057521820068359, 0.0009291172027587891, 0.0008559226989746094, 0.0008082389831542969, 0.0008635520935058594]}