{"comm_times": [0.14881324768066406, 0.1454317569732666, 0.15054535865783691, 0.12894535064697266, 0.12126278877258301, 0.12274932861328125, 0.15027356147766113, 0.11110353469848633, 0.11170220375061035, 0.1183924674987793], "calc_times": [0.0009162425994873047, 0.0008819103240966797, 0.0008656978607177734, 0.0009148120880126953, 0.0009386539459228516, 0.0008783340454101562, 0.0009887218475341797, 0.0009195804595947266, 0.0008940696716308594, 0.0009014606475830078]}