{"comm_times": [0.12163901329040527, 0.2255873680114746, 0.12109565734863281, 0.11882686614990234, 0.11835908889770508, 0.11922883987426758, 0.12000441551208496, 0.11902546882629395, 0.11931228637695312, 0.013512372970581055], "calc_times": [0.0009076595306396484, 0.0009448528289794922, 0.0009298324584960938, 0.0009167194366455078, 0.0009174346923828125, 0.0009074211120605469, 0.00090789794921875, 0.0008947849273681641, 0.0008995532989501953, 0.0009038448333740234]}