{"comm_times": [0.11919212341308594, 0.2241230010986328, 0.11869096755981445, 0.11771678924560547, 0.11819005012512207, 0.11814093589782715, 0.1179044246673584, 0.1181182861328125, 0.11764860153198242, 0.011410236358642578], "calc_times": [0.0009393692016601562, 0.0009243488311767578, 0.0008783340454101562, 0.0008685588836669922, 0.0009176731109619141, 0.0009114742279052734, 0.0009319782257080078, 0.0008876323699951172, 0.0008740425109863281, 0.0009124279022216797]}