{"comm_times": [0.23085427284240723, 0.1214902400970459, 0.11983609199523926, 0.12174248695373535, 0.12216782569885254, 0.1208648681640625, 0.12057042121887207, 0.12069344520568848, 0.12077164649963379, 0.01397085189819336], "calc_times": [0.0009038448333740234, 0.0009014606475830078, 0.0009367465972900391, 0.0008807182312011719, 0.0010349750518798828, 0.0009033679962158203, 0.000881195068359375, 0.0008909702301025391, 0.0009362697601318359, 0.0008857250213623047]}