{"comm_times": [0.12595701217651367, 0.12090039253234863, 0.22684979438781738, 0.1221625804901123, 0.12058281898498535, 0.12064456939697266, 0.11982345581054688, 0.12129759788513184, 0.12086296081542969, 0.016380786895751953], "calc_times": [0.0008835792541503906, 0.0009069442749023438, 0.0009696483612060547, 0.0009737014770507812, 0.0008919239044189453, 0.0009219646453857422, 0.0009317398071289062, 0.0009055137634277344, 0.0008907318115234375, 0.0008776187896728516]}