{"comm_times": [0.12278890609741211, 0.12020611763000488, 0.12125349044799805, 0.12056636810302734, 0.12114238739013672, 0.12067770957946777, 0.12197995185852051, 0.1199042797088623, 0.1252608299255371, 0.014002323150634766], "calc_times": [0.0009002685546875, 0.0008554458618164062, 0.0008819103240966797, 0.0009317398071289062, 0.0009233951568603516, 0.0009098052978515625, 0.0008914470672607422, 0.0008993148803710938, 0.0008945465087890625, 0.0009379386901855469]}