{"comm_times": [0.22788643836975098, 0.12203001976013184, 0.1200251579284668, 0.11934304237365723, 0.11970829963684082, 0.11976051330566406, 0.12127351760864258, 0.11946678161621094, 0.11844158172607422, 0.01258397102355957], "calc_times": [0.0009186267852783203, 0.000919342041015625, 0.0009162425994873047, 0.0009210109710693359, 0.0009114742279052734, 0.0008397102355957031, 0.0008783340454101562, 0.0008544921875, 0.0008666515350341797, 0.0008940696716308594]}