{"comm_times": [0.12813615798950195, 0.22870111465454102, 0.12024259567260742, 0.12083864212036133, 0.12087106704711914, 0.12029790878295898, 0.12126755714416504, 0.12140774726867676, 0.12047219276428223, 0.013604879379272461], "calc_times": [0.0009357929229736328, 0.00093841552734375, 0.00096893310546875, 0.0009453296661376953, 0.0008983612060546875, 0.0009014606475830078, 0.0009610652923583984, 0.0008990764617919922, 0.0009362697601318359, 0.0011157989501953125]}